
====================================================================================================
[HTTP START #1]
method: POST
url: http://127.0.0.1:9119/v1/completions
summary: {
  "model": "deepseek-v2-lite",
  "prompt": {
    "type": "token_ids/list",
    "length": 63
  },
  "max_tokens": 64,
  "temperature": 0,
  "request_keys": [
    "add_special_tokens",
    "cache_salt",
    "logprobs",
    "max_tokens",
    "model",
    "prompt",
    "request_id",
    "return_token_ids",
    "return_tokens_as_token_ids",
    "seed",
    "temperature"
  ]
}
leyline_fields: []
[HTTP CONNECTED #1] status=200 elapsed=7.415s

====================================================================================================
[HTTP START #2]
method: POST
url: http://127.0.0.1:9119/v1/completions
summary: {
  "model": "deepseek-v2-lite",
  "prompt": {
    "type": "token_ids/list",
    "length": 53
  },
  "max_tokens": 64,
  "temperature": 0,
  "request_keys": [
    "add_special_tokens",
    "cache_salt",
    "logprobs",
    "max_tokens",
    "model",
    "prompt",
    "request_id",
    "return_token_ids",
    "return_tokens_as_token_ids",
    "seed",
    "temperature"
  ]
}
leyline_fields: []
[HTTP CONNECTED #2] status=200 elapsed=7.614s

====================================================================================================
[HTTP START #3]
method: POST
url: http://127.0.0.1:9119/v1/completions
summary: {
  "model": "deepseek-v2-lite",
  "prompt": {
    "type": "token_ids/list",
    "length": 53
  },
  "max_tokens": 64,
  "temperature": 0,
  "request_keys": [
    "add_special_tokens",
    "cache_salt",
    "logprobs",
    "max_tokens",
    "model",
    "prompt",
    "request_id",
    "return_token_ids",
    "return_tokens_as_token_ids",
    "seed",
    "temperature"
  ]
}
leyline_fields: []
[HTTP CONNECTED #3] status=200 elapsed=7.964s

====================================================================================================
[HTTP START #4]
method: POST
url: http://127.0.0.1:9119/v1/completions
summary: {
  "model": "deepseek-v2-lite",
  "prompt": {
    "type": "token_ids/list",
    "length": 53
  },
  "max_tokens": 64,
  "temperature": 0,
  "request_keys": [
    "add_special_tokens",
    "cache_salt",
    "logprobs",
    "max_tokens",
    "model",
    "prompt",
    "request_id",
    "return_token_ids",
    "return_tokens_as_token_ids",
    "seed",
    "temperature"
  ]
}
leyline_fields: []
[HTTP CONNECTED #4] status=200 elapsed=7.686s

====================================================================================================
[HTTP START #5]
method: POST
url: http://127.0.0.1:9119/v1/completions
summary: {
  "model": "deepseek-v2-lite",
  "prompt": {
    "type": "token_ids/list",
    "length": 63
  },
  "max_tokens": 64,
  "temperature": 0,
  "request_keys": [
    "add_special_tokens",
    "cache_salt",
    "kv_transfer_params",
    "logprobs",
    "max_tokens",
    "model",
    "prompt",
    "request_id",
    "return_token_ids",
    "return_tokens_as_token_ids",
    "seed",
    "temperature"
  ]
}
leyline_fields: [
  [
    "$.kv_transfer_params.leyline",
    {
      "version": 1,
      "action": "record",
      "session_id": "route-label-83eb30ba97b141b6a83e23849b5b1681"
    }
  ],
  [
    "$.kv_transfer_params.leyline.action",
    "record"
  ],
  [
    "$.kv_transfer_params.leyline.session_id",
    "route-label-83eb30ba97b141b6a83e23849b5b1681"
  ]
]
[HTTP CONNECTED #5] status=200 elapsed=7.693s

====================================================================================================
[HTTP START #6]
method: POST
url: http://127.0.0.1:9119/v1/completions
summary: {
  "model": "deepseek-v2-lite",
  "prompt": {
    "type": "token_ids/list",
    "length": 53
  },
  "max_tokens": 64,
  "temperature": 0,
  "request_keys": [
    "add_special_tokens",
    "cache_salt",
    "kv_transfer_params",
    "logprobs",
    "max_tokens",
    "model",
    "prompt",
    "request_id",
    "return_token_ids",
    "return_tokens_as_token_ids",
    "seed",
    "temperature"
  ]
}
leyline_fields: [
  [
    "$.kv_transfer_params.leyline",
    {
      "version": 1,
      "action": "amortize",
      "session_id": "route-label-83eb30ba97b141b6a83e23849b5b1681",
      "delete": {
        "start": 32,
        "end": 42
      }
    }
  ],
  [
    "$.kv_transfer_params.leyline.action",
    "amortize"
  ],
  [
    "$.kv_transfer_params.leyline.session_id",
    "route-label-83eb30ba97b141b6a83e23849b5b1681"
  ],
  [
    "$.kv_transfer_params.leyline.delete",
    {
      "start": 32,
      "end": 42
    }
  ]
]
[HTTP CONNECTED #6] status=200 elapsed=7.585s

====================================================================================================
[HTTP START #7]
method: POST
url: http://127.0.0.1:9119/v1/completions
summary: {
  "model": "deepseek-v2-lite",
  "prompt": {
    "type": "token_ids/list",
    "length": 63
  },
  "max_tokens": 64,
  "temperature": 0,
  "request_keys": [
    "add_special_tokens",
    "cache_salt",
    "logprobs",
    "max_tokens",
    "model",
    "prompt",
    "request_id",
    "return_token_ids",
    "return_tokens_as_token_ids",
    "seed",
    "temperature"
  ]
}
leyline_fields: []
[HTTP CONNECTED #7] status=200 elapsed=7.574s

====================================================================================================
[HTTP START #8]
method: POST
url: http://127.0.0.1:9119/v1/completions
summary: {
  "model": "deepseek-v2-lite",
  "prompt": {
    "type": "token_ids/list",
    "length": 53
  },
  "max_tokens": 64,
  "temperature": 0,
  "request_keys": [
    "add_special_tokens",
    "cache_salt",
    "logprobs",
    "max_tokens",
    "model",
    "prompt",
    "request_id",
    "return_token_ids",
    "return_tokens_as_token_ids",
    "seed",
    "temperature"
  ]
}
leyline_fields: []
[HTTP CONNECTED #8] status=200 elapsed=7.614s

====================================================================================================
[HTTP START #9]
method: POST
url: http://127.0.0.1:9119/v1/completions
summary: {
  "model": "deepseek-v2-lite",
  "prompt": {
    "type": "token_ids/list",
    "length": 53
  },
  "max_tokens": 64,
  "temperature": 0,
  "request_keys": [
    "add_special_tokens",
    "cache_salt",
    "logprobs",
    "max_tokens",
    "model",
    "prompt",
    "request_id",
    "return_token_ids",
    "return_tokens_as_token_ids",
    "seed",
    "temperature"
  ]
}
leyline_fields: []
[HTTP CONNECTED #9] status=200 elapsed=7.588s

====================================================================================================
[HTTP START #10]
method: POST
url: http://127.0.0.1:9119/v1/completions
summary: {
  "model": "deepseek-v2-lite",
  "prompt": {
    "type": "token_ids/list",
    "length": 53
  },
  "max_tokens": 64,
  "temperature": 0,
  "request_keys": [
    "add_special_tokens",
    "cache_salt",
    "logprobs",
    "max_tokens",
    "model",
    "prompt",
    "request_id",
    "return_token_ids",
    "return_tokens_as_token_ids",
    "seed",
    "temperature"
  ]
}
leyline_fields: []
[HTTP CONNECTED #10] status=200 elapsed=7.590s

====================================================================================================
[HTTP START #11]
method: POST
url: http://127.0.0.1:9119/v1/completions
summary: {
  "model": "deepseek-v2-lite",
  "prompt": {
    "type": "token_ids/list",
    "length": 63
  },
  "max_tokens": 64,
  "temperature": 0,
  "request_keys": [
    "add_special_tokens",
    "cache_salt",
    "kv_transfer_params",
    "logprobs",
    "max_tokens",
    "model",
    "prompt",
    "request_id",
    "return_token_ids",
    "return_tokens_as_token_ids",
    "seed",
    "temperature"
  ]
}
leyline_fields: [
  [
    "$.kv_transfer_params.leyline",
    {
      "version": 1,
      "action": "record",
      "session_id": "route-label-2fcdea13508b4764927ab9c9230335f0"
    }
  ],
  [
    "$.kv_transfer_params.leyline.action",
    "record"
  ],
  [
    "$.kv_transfer_params.leyline.session_id",
    "route-label-2fcdea13508b4764927ab9c9230335f0"
  ]
]
[HTTP CONNECTED #11] status=200 elapsed=7.592s

====================================================================================================
[HTTP START #12]
method: POST
url: http://127.0.0.1:9119/v1/completions
summary: {
  "model": "deepseek-v2-lite",
  "prompt": {
    "type": "token_ids/list",
    "length": 53
  },
  "max_tokens": 64,
  "temperature": 0,
  "request_keys": [
    "add_special_tokens",
    "cache_salt",
    "kv_transfer_params",
    "logprobs",
    "max_tokens",
    "model",
    "prompt",
    "request_id",
    "return_token_ids",
    "return_tokens_as_token_ids",
    "seed",
    "temperature"
  ]
}
leyline_fields: [
  [
    "$.kv_transfer_params.leyline",
    {
      "version": 1,
      "action": "amortize",
      "session_id": "route-label-2fcdea13508b4764927ab9c9230335f0",
      "delete": {
        "start": 32,
        "end": 42
      }
    }
  ],
  [
    "$.kv_transfer_params.leyline.action",
    "amortize"
  ],
  [
    "$.kv_transfer_params.leyline.session_id",
    "route-label-2fcdea13508b4764927ab9c9230335f0"
  ],
  [
    "$.kv_transfer_params.leyline.delete",
    {
      "start": 32,
      "end": 42
    }
  ]
]
[HTTP CONNECTED #12] status=200 elapsed=7.645s

====================================================================================================
[HTTP START #13]
method: POST
url: http://127.0.0.1:9119/v1/completions
summary: {
  "model": "deepseek-v2-lite",
  "prompt": {
    "type": "token_ids/list",
    "length": 63
  },
  "max_tokens": 64,
  "temperature": 0,
  "request_keys": [
    "add_special_tokens",
    "cache_salt",
    "logprobs",
    "max_tokens",
    "model",
    "prompt",
    "request_id",
    "return_token_ids",
    "return_tokens_as_token_ids",
    "seed",
    "temperature"
  ]
}
leyline_fields: []
[HTTP CONNECTED #13] status=200 elapsed=7.640s

====================================================================================================
[HTTP START #14]
method: POST
url: http://127.0.0.1:9119/v1/completions
summary: {
  "model": "deepseek-v2-lite",
  "prompt": {
    "type": "token_ids/list",
    "length": 53
  },
  "max_tokens": 64,
  "temperature": 0,
  "request_keys": [
    "add_special_tokens",
    "cache_salt",
    "logprobs",
    "max_tokens",
    "model",
    "prompt",
    "request_id",
    "return_token_ids",
    "return_tokens_as_token_ids",
    "seed",
    "temperature"
  ]
}
leyline_fields: []
[HTTP CONNECTED #14] status=200 elapsed=7.627s

====================================================================================================
[HTTP START #15]
method: POST
url: http://127.0.0.1:9119/v1/completions
summary: {
  "model": "deepseek-v2-lite",
  "prompt": {
    "type": "token_ids/list",
    "length": 53
  },
  "max_tokens": 64,
  "temperature": 0,
  "request_keys": [
    "add_special_tokens",
    "cache_salt",
    "logprobs",
    "max_tokens",
    "model",
    "prompt",
    "request_id",
    "return_token_ids",
    "return_tokens_as_token_ids",
    "seed",
    "temperature"
  ]
}
leyline_fields: []
[HTTP CONNECTED #15] status=200 elapsed=7.477s

====================================================================================================
[HTTP START #16]
method: POST
url: http://127.0.0.1:9119/v1/completions
summary: {
  "model": "deepseek-v2-lite",
  "prompt": {
    "type": "token_ids/list",
    "length": 53
  },
  "max_tokens": 64,
  "temperature": 0,
  "request_keys": [
    "add_special_tokens",
    "cache_salt",
    "logprobs",
    "max_tokens",
    "model",
    "prompt",
    "request_id",
    "return_token_ids",
    "return_tokens_as_token_ids",
    "seed",
    "temperature"
  ]
}
leyline_fields: []
[HTTP CONNECTED #16] status=200 elapsed=7.417s

====================================================================================================
[HTTP START #17]
method: POST
url: http://127.0.0.1:9119/v1/completions
summary: {
  "model": "deepseek-v2-lite",
  "prompt": {
    "type": "token_ids/list",
    "length": 63
  },
  "max_tokens": 64,
  "temperature": 0,
  "request_keys": [
    "add_special_tokens",
    "cache_salt",
    "kv_transfer_params",
    "logprobs",
    "max_tokens",
    "model",
    "prompt",
    "request_id",
    "return_token_ids",
    "return_tokens_as_token_ids",
    "seed",
    "temperature"
  ]
}
leyline_fields: [
  [
    "$.kv_transfer_params.leyline",
    {
      "version": 1,
      "action": "record",
      "session_id": "route-label-61476c549ca54525bd31c455027b00fe"
    }
  ],
  [
    "$.kv_transfer_params.leyline.action",
    "record"
  ],
  [
    "$.kv_transfer_params.leyline.session_id",
    "route-label-61476c549ca54525bd31c455027b00fe"
  ]
]
[HTTP CONNECTED #17] status=200 elapsed=7.359s

====================================================================================================
[HTTP START #18]
method: POST
url: http://127.0.0.1:9119/v1/completions
summary: {
  "model": "deepseek-v2-lite",
  "prompt": {
    "type": "token_ids/list",
    "length": 53
  },
  "max_tokens": 64,
  "temperature": 0,
  "request_keys": [
    "add_special_tokens",
    "cache_salt",
    "kv_transfer_params",
    "logprobs",
    "max_tokens",
    "model",
    "prompt",
    "request_id",
    "return_token_ids",
    "return_tokens_as_token_ids",
    "seed",
    "temperature"
  ]
}
leyline_fields: [
  [
    "$.kv_transfer_params.leyline",
    {
      "version": 1,
      "action": "amortize",
      "session_id": "route-label-61476c549ca54525bd31c455027b00fe",
      "delete": {
        "start": 32,
        "end": 42
      }
    }
  ],
  [
    "$.kv_transfer_params.leyline.action",
    "amortize"
  ],
  [
    "$.kv_transfer_params.leyline.session_id",
    "route-label-61476c549ca54525bd31c455027b00fe"
  ],
  [
    "$.kv_transfer_params.leyline.delete",
    {
      "start": 32,
      "end": 42
    }
  ]
]
[HTTP CONNECTED #18] status=200 elapsed=7.370s

====================================================================================================
[HTTP START #19]
method: POST
url: http://127.0.0.1:9119/v1/completions
summary: {
  "model": "deepseek-v2-lite",
  "prompt": {
    "type": "token_ids/list",
    "length": 68
  },
  "max_tokens": 64,
  "temperature": 0,
  "request_keys": [
    "add_special_tokens",
    "cache_salt",
    "logprobs",
    "max_tokens",
    "model",
    "prompt",
    "request_id",
    "return_token_ids",
    "return_tokens_as_token_ids",
    "seed",
    "temperature"
  ]
}
leyline_fields: []
[HTTP CONNECTED #19] status=200 elapsed=7.429s

====================================================================================================
[HTTP START #20]
method: POST
url: http://127.0.0.1:9119/v1/completions
summary: {
  "model": "deepseek-v2-lite",
  "prompt": {
    "type": "token_ids/list",
    "length": 56
  },
  "max_tokens": 64,
  "temperature": 0,
  "request_keys": [
    "add_special_tokens",
    "cache_salt",
    "logprobs",
    "max_tokens",
    "model",
    "prompt",
    "request_id",
    "return_token_ids",
    "return_tokens_as_token_ids",
    "seed",
    "temperature"
  ]
}
leyline_fields: []
[HTTP CONNECTED #20] status=200 elapsed=7.447s

====================================================================================================
[HTTP START #21]
method: POST
url: http://127.0.0.1:9119/v1/completions
summary: {
  "model": "deepseek-v2-lite",
  "prompt": {
    "type": "token_ids/list",
    "length": 56
  },
  "max_tokens": 64,
  "temperature": 0,
  "request_keys": [
    "add_special_tokens",
    "cache_salt",
    "logprobs",
    "max_tokens",
    "model",
    "prompt",
    "request_id",
    "return_token_ids",
    "return_tokens_as_token_ids",
    "seed",
    "temperature"
  ]
}
leyline_fields: []
[HTTP CONNECTED #21] status=200 elapsed=7.407s

====================================================================================================
[HTTP START #22]
method: POST
url: http://127.0.0.1:9119/v1/completions
summary: {
  "model": "deepseek-v2-lite",
  "prompt": {
    "type": "token_ids/list",
    "length": 56
  },
  "max_tokens": 64,
  "temperature": 0,
  "request_keys": [
    "add_special_tokens",
    "cache_salt",
    "logprobs",
    "max_tokens",
    "model",
    "prompt",
    "request_id",
    "return_token_ids",
    "return_tokens_as_token_ids",
    "seed",
    "temperature"
  ]
}
leyline_fields: []
[HTTP CONNECTED #22] status=200 elapsed=7.403s

====================================================================================================
[HTTP START #23]
method: POST
url: http://127.0.0.1:9119/v1/completions
summary: {
  "model": "deepseek-v2-lite",
  "prompt": {
    "type": "token_ids/list",
    "length": 68
  },
  "max_tokens": 64,
  "temperature": 0,
  "request_keys": [
    "add_special_tokens",
    "cache_salt",
    "kv_transfer_params",
    "logprobs",
    "max_tokens",
    "model",
    "prompt",
    "request_id",
    "return_token_ids",
    "return_tokens_as_token_ids",
    "seed",
    "temperature"
  ]
}
leyline_fields: [
  [
    "$.kv_transfer_params.leyline",
    {
      "version": 1,
      "action": "record",
      "session_id": "inventory-reorder-label-46607d2112c04b588096c70f0849943c"
    }
  ],
  [
    "$.kv_transfer_params.leyline.action",
    "record"
  ],
  [
    "$.kv_transfer_params.leyline.session_id",
    "inventory-reorder-label-46607d2112c04b588096c70f0849943c"
  ]
]
[HTTP CONNECTED #23] status=200 elapsed=7.364s

====================================================================================================
[HTTP START #24]
method: POST
url: http://127.0.0.1:9119/v1/completions
summary: {
  "model": "deepseek-v2-lite",
  "prompt": {
    "type": "token_ids/list",
    "length": 56
  },
  "max_tokens": 64,
  "temperature": 0,
  "request_keys": [
    "add_special_tokens",
    "cache_salt",
    "kv_transfer_params",
    "logprobs",
    "max_tokens",
    "model",
    "prompt",
    "request_id",
    "return_token_ids",
    "return_tokens_as_token_ids",
    "seed",
    "temperature"
  ]
}
leyline_fields: [
  [
    "$.kv_transfer_params.leyline",
    {
      "version": 1,
      "action": "amortize",
      "session_id": "inventory-reorder-label-46607d2112c04b588096c70f0849943c",
      "delete": {
        "start": 29,
        "end": 41
      }
    }
  ],
  [
    "$.kv_transfer_params.leyline.action",
    "amortize"
  ],
  [
    "$.kv_transfer_params.leyline.session_id",
    "inventory-reorder-label-46607d2112c04b588096c70f0849943c"
  ],
  [
    "$.kv_transfer_params.leyline.delete",
    {
      "start": 29,
      "end": 41
    }
  ]
]
[HTTP CONNECTED #24] status=200 elapsed=7.474s

====================================================================================================
[HTTP START #25]
method: POST
url: http://127.0.0.1:9119/v1/completions
summary: {
  "model": "deepseek-v2-lite",
  "prompt": {
    "type": "token_ids/list",
    "length": 68
  },
  "max_tokens": 64,
  "temperature": 0,
  "request_keys": [
    "add_special_tokens",
    "cache_salt",
    "logprobs",
    "max_tokens",
    "model",
    "prompt",
    "request_id",
    "return_token_ids",
    "return_tokens_as_token_ids",
    "seed",
    "temperature"
  ]
}
leyline_fields: []
[HTTP CONNECTED #25] status=200 elapsed=7.464s

====================================================================================================
[HTTP START #26]
method: POST
url: http://127.0.0.1:9119/v1/completions
summary: {
  "model": "deepseek-v2-lite",
  "prompt": {
    "type": "token_ids/list",
    "length": 56
  },
  "max_tokens": 64,
  "temperature": 0,
  "request_keys": [
    "add_special_tokens",
    "cache_salt",
    "logprobs",
    "max_tokens",
    "model",
    "prompt",
    "request_id",
    "return_token_ids",
    "return_tokens_as_token_ids",
    "seed",
    "temperature"
  ]
}
leyline_fields: []
[HTTP CONNECTED #26] status=200 elapsed=7.487s

====================================================================================================
[HTTP START #27]
method: POST
url: http://127.0.0.1:9119/v1/completions
summary: {
  "model": "deepseek-v2-lite",
  "prompt": {
    "type": "token_ids/list",
    "length": 56
  },
  "max_tokens": 64,
  "temperature": 0,
  "request_keys": [
    "add_special_tokens",
    "cache_salt",
    "logprobs",
    "max_tokens",
    "model",
    "prompt",
    "request_id",
    "return_token_ids",
    "return_tokens_as_token_ids",
    "seed",
    "temperature"
  ]
}
leyline_fields: []
[HTTP CONNECTED #27] status=200 elapsed=7.422s

====================================================================================================
[HTTP START #28]
method: POST
url: http://127.0.0.1:9119/v1/completions
summary: {
  "model": "deepseek-v2-lite",
  "prompt": {
    "type": "token_ids/list",
    "length": 56
  },
  "max_tokens": 64,
  "temperature": 0,
  "request_keys": [
    "add_special_tokens",
    "cache_salt",
    "logprobs",
    "max_tokens",
    "model",
    "prompt",
    "request_id",
    "return_token_ids",
    "return_tokens_as_token_ids",
    "seed",
    "temperature"
  ]
}
leyline_fields: []
[HTTP CONNECTED #28] status=200 elapsed=7.471s

====================================================================================================
[HTTP START #29]
method: POST
url: http://127.0.0.1:9119/v1/completions
summary: {
  "model": "deepseek-v2-lite",
  "prompt": {
    "type": "token_ids/list",
    "length": 68
  },
  "max_tokens": 64,
  "temperature": 0,
  "request_keys": [
    "add_special_tokens",
    "cache_salt",
    "kv_transfer_params",
    "logprobs",
    "max_tokens",
    "model",
    "prompt",
    "request_id",
    "return_token_ids",
    "return_tokens_as_token_ids",
    "seed",
    "temperature"
  ]
}
leyline_fields: [
  [
    "$.kv_transfer_params.leyline",
    {
      "version": 1,
      "action": "record",
      "session_id": "inventory-reorder-label-e48b41f214f34c958debaaf5bb43b3c4"
    }
  ],
  [
    "$.kv_transfer_params.leyline.action",
    "record"
  ],
  [
    "$.kv_transfer_params.leyline.session_id",
    "inventory-reorder-label-e48b41f214f34c958debaaf5bb43b3c4"
  ]
]
[HTTP CONNECTED #29] status=200 elapsed=7.344s

====================================================================================================
[HTTP START #30]
method: POST
url: http://127.0.0.1:9119/v1/completions
summary: {
  "model": "deepseek-v2-lite",
  "prompt": {
    "type": "token_ids/list",
    "length": 56
  },
  "max_tokens": 64,
  "temperature": 0,
  "request_keys": [
    "add_special_tokens",
    "cache_salt",
    "kv_transfer_params",
    "logprobs",
    "max_tokens",
    "model",
    "prompt",
    "request_id",
    "return_token_ids",
    "return_tokens_as_token_ids",
    "seed",
    "temperature"
  ]
}
leyline_fields: [
  [
    "$.kv_transfer_params.leyline",
    {
      "version": 1,
      "action": "amortize",
      "session_id": "inventory-reorder-label-e48b41f214f34c958debaaf5bb43b3c4",
      "delete": {
        "start": 29,
        "end": 41
      }
    }
  ],
  [
    "$.kv_transfer_params.leyline.action",
    "amortize"
  ],
  [
    "$.kv_transfer_params.leyline.session_id",
    "inventory-reorder-label-e48b41f214f34c958debaaf5bb43b3c4"
  ],
  [
    "$.kv_transfer_params.leyline.delete",
    {
      "start": 29,
      "end": 41
    }
  ]
]
[HTTP CONNECTED #30] status=200 elapsed=7.354s

====================================================================================================
[HTTP START #31]
method: POST
url: http://127.0.0.1:9119/v1/completions
summary: {
  "model": "deepseek-v2-lite",
  "prompt": {
    "type": "token_ids/list",
    "length": 68
  },
  "max_tokens": 64,
  "temperature": 0,
  "request_keys": [
    "add_special_tokens",
    "cache_salt",
    "logprobs",
    "max_tokens",
    "model",
    "prompt",
    "request_id",
    "return_token_ids",
    "return_tokens_as_token_ids",
    "seed",
    "temperature"
  ]
}
leyline_fields: []
[HTTP CONNECTED #31] status=200 elapsed=7.461s

====================================================================================================
[HTTP START #32]
method: POST
url: http://127.0.0.1:9119/v1/completions
summary: {
  "model": "deepseek-v2-lite",
  "prompt": {
    "type": "token_ids/list",
    "length": 56
  },
  "max_tokens": 64,
  "temperature": 0,
  "request_keys": [
    "add_special_tokens",
    "cache_salt",
    "logprobs",
    "max_tokens",
    "model",
    "prompt",
    "request_id",
    "return_token_ids",
    "return_tokens_as_token_ids",
    "seed",
    "temperature"
  ]
}
leyline_fields: []
[HTTP CONNECTED #32] status=200 elapsed=7.401s

====================================================================================================
[HTTP START #33]
method: POST
url: http://127.0.0.1:9119/v1/completions
summary: {
  "model": "deepseek-v2-lite",
  "prompt": {
    "type": "token_ids/list",
    "length": 56
  },
  "max_tokens": 64,
  "temperature": 0,
  "request_keys": [
    "add_special_tokens",
    "cache_salt",
    "logprobs",
    "max_tokens",
    "model",
    "prompt",
    "request_id",
    "return_token_ids",
    "return_tokens_as_token_ids",
    "seed",
    "temperature"
  ]
}
leyline_fields: []
[HTTP CONNECTED #33] status=200 elapsed=7.325s

====================================================================================================
[HTTP START #34]
method: POST
url: http://127.0.0.1:9119/v1/completions
summary: {
  "model": "deepseek-v2-lite",
  "prompt": {
    "type": "token_ids/list",
    "length": 56
  },
  "max_tokens": 64,
  "temperature": 0,
  "request_keys": [
    "add_special_tokens",
    "cache_salt",
    "logprobs",
    "max_tokens",
    "model",
    "prompt",
    "request_id",
    "return_token_ids",
    "return_tokens_as_token_ids",
    "seed",
    "temperature"
  ]
}
leyline_fields: []
[HTTP CONNECTED #34] status=200 elapsed=7.382s

====================================================================================================
[HTTP START #35]
method: POST
url: http://127.0.0.1:9119/v1/completions
summary: {
  "model": "deepseek-v2-lite",
  "prompt": {
    "type": "token_ids/list",
    "length": 68
  },
  "max_tokens": 64,
  "temperature": 0,
  "request_keys": [
    "add_special_tokens",
    "cache_salt",
    "kv_transfer_params",
    "logprobs",
    "max_tokens",
    "model",
    "prompt",
    "request_id",
    "return_token_ids",
    "return_tokens_as_token_ids",
    "seed",
    "temperature"
  ]
}
leyline_fields: [
  [
    "$.kv_transfer_params.leyline",
    {
      "version": 1,
      "action": "record",
      "session_id": "inventory-reorder-label-41f6b5af3d2146e2925ae8280d24b4fd"
    }
  ],
  [
    "$.kv_transfer_params.leyline.action",
    "record"
  ],
  [
    "$.kv_transfer_params.leyline.session_id",
    "inventory-reorder-label-41f6b5af3d2146e2925ae8280d24b4fd"
  ]
]
[HTTP CONNECTED #35] status=200 elapsed=7.479s

====================================================================================================
[HTTP START #36]
method: POST
url: http://127.0.0.1:9119/v1/completions
summary: {
  "model": "deepseek-v2-lite",
  "prompt": {
    "type": "token_ids/list",
    "length": 56
  },
  "max_tokens": 64,
  "temperature": 0,
  "request_keys": [
    "add_special_tokens",
    "cache_salt",
    "kv_transfer_params",
    "logprobs",
    "max_tokens",
    "model",
    "prompt",
    "request_id",
    "return_token_ids",
    "return_tokens_as_token_ids",
    "seed",
    "temperature"
  ]
}
leyline_fields: [
  [
    "$.kv_transfer_params.leyline",
    {
      "version": 1,
      "action": "amortize",
      "session_id": "inventory-reorder-label-41f6b5af3d2146e2925ae8280d24b4fd",
      "delete": {
        "start": 29,
        "end": 41
      }
    }
  ],
  [
    "$.kv_transfer_params.leyline.action",
    "amortize"
  ],
  [
    "$.kv_transfer_params.leyline.session_id",
    "inventory-reorder-label-41f6b5af3d2146e2925ae8280d24b4fd"
  ],
  [
    "$.kv_transfer_params.leyline.delete",
    {
      "start": 29,
      "end": 41
    }
  ]
]
[HTTP CONNECTED #36] status=200 elapsed=7.761s

====================================================================================================
[HTTP START #37]
method: POST
url: http://127.0.0.1:9119/v1/completions
summary: {
  "model": "deepseek-v2-lite",
  "prompt": {
    "type": "token_ids/list",
    "length": 63
  },
  "max_tokens": 64,
  "temperature": 0,
  "request_keys": [
    "add_special_tokens",
    "cache_salt",
    "logprobs",
    "max_tokens",
    "model",
    "prompt",
    "request_id",
    "return_token_ids",
    "return_tokens_as_token_ids",
    "seed",
    "temperature"
  ]
}
leyline_fields: []
[HTTP CONNECTED #37] status=200 elapsed=7.755s

====================================================================================================
[HTTP START #38]
method: POST
url: http://127.0.0.1:9119/v1/completions
summary: {
  "model": "deepseek-v2-lite",
  "prompt": {
    "type": "token_ids/list",
    "length": 53
  },
  "max_tokens": 64,
  "temperature": 0,
  "request_keys": [
    "add_special_tokens",
    "cache_salt",
    "logprobs",
    "max_tokens",
    "model",
    "prompt",
    "request_id",
    "return_token_ids",
    "return_tokens_as_token_ids",
    "seed",
    "temperature"
  ]
}
leyline_fields: []
[HTTP CONNECTED #38] status=200 elapsed=7.717s

====================================================================================================
[HTTP START #39]
method: POST
url: http://127.0.0.1:9119/v1/completions
summary: {
  "model": "deepseek-v2-lite",
  "prompt": {
    "type": "token_ids/list",
    "length": 53
  },
  "max_tokens": 64,
  "temperature": 0,
  "request_keys": [
    "add_special_tokens",
    "cache_salt",
    "logprobs",
    "max_tokens",
    "model",
    "prompt",
    "request_id",
    "return_token_ids",
    "return_tokens_as_token_ids",
    "seed",
    "temperature"
  ]
}
leyline_fields: []
[HTTP CONNECTED #39] status=200 elapsed=7.752s

====================================================================================================
[HTTP START #40]
method: POST
url: http://127.0.0.1:9119/v1/completions
summary: {
  "model": "deepseek-v2-lite",
  "prompt": {
    "type": "token_ids/list",
    "length": 53
  },
  "max_tokens": 64,
  "temperature": 0,
  "request_keys": [
    "add_special_tokens",
    "cache_salt",
    "logprobs",
    "max_tokens",
    "model",
    "prompt",
    "request_id",
    "return_token_ids",
    "return_tokens_as_token_ids",
    "seed",
    "temperature"
  ]
}
leyline_fields: []
[HTTP CONNECTED #40] status=200 elapsed=7.730s

====================================================================================================
[HTTP START #41]
method: POST
url: http://127.0.0.1:9119/v1/completions
summary: {
  "model": "deepseek-v2-lite",
  "prompt": {
    "type": "token_ids/list",
    "length": 63
  },
  "max_tokens": 64,
  "temperature": 0,
  "request_keys": [
    "add_special_tokens",
    "cache_salt",
    "kv_transfer_params",
    "logprobs",
    "max_tokens",
    "model",
    "prompt",
    "request_id",
    "return_token_ids",
    "return_tokens_as_token_ids",
    "seed",
    "temperature"
  ]
}
leyline_fields: [
  [
    "$.kv_transfer_params.leyline",
    {
      "version": 1,
      "action": "record",
      "session_id": "incident-severity-label-e3ade95521b44e82b687bf6cd34f4ab9"
    }
  ],
  [
    "$.kv_transfer_params.leyline.action",
    "record"
  ],
  [
    "$.kv_transfer_params.leyline.session_id",
    "incident-severity-label-e3ade95521b44e82b687bf6cd34f4ab9"
  ]
]
[HTTP CONNECTED #41] status=200 elapsed=7.555s

====================================================================================================
[HTTP START #42]
method: POST
url: http://127.0.0.1:9119/v1/completions
summary: {
  "model": "deepseek-v2-lite",
  "prompt": {
    "type": "token_ids/list",
    "length": 53
  },
  "max_tokens": 64,
  "temperature": 0,
  "request_keys": [
    "add_special_tokens",
    "cache_salt",
    "kv_transfer_params",
    "logprobs",
    "max_tokens",
    "model",
    "prompt",
    "request_id",
    "return_token_ids",
    "return_tokens_as_token_ids",
    "seed",
    "temperature"
  ]
}
leyline_fields: [
  [
    "$.kv_transfer_params.leyline",
    {
      "version": 1,
      "action": "amortize",
      "session_id": "incident-severity-label-e3ade95521b44e82b687bf6cd34f4ab9",
      "delete": {
        "start": 33,
        "end": 43
      }
    }
  ],
  [
    "$.kv_transfer_params.leyline.action",
    "amortize"
  ],
  [
    "$.kv_transfer_params.leyline.session_id",
    "incident-severity-label-e3ade95521b44e82b687bf6cd34f4ab9"
  ],
  [
    "$.kv_transfer_params.leyline.delete",
    {
      "start": 33,
      "end": 43
    }
  ]
]
[HTTP CONNECTED #42] status=200 elapsed=7.443s

====================================================================================================
[HTTP START #43]
method: POST
url: http://127.0.0.1:9119/v1/completions
summary: {
  "model": "deepseek-v2-lite",
  "prompt": {
    "type": "token_ids/list",
    "length": 63
  },
  "max_tokens": 64,
  "temperature": 0,
  "request_keys": [
    "add_special_tokens",
    "cache_salt",
    "logprobs",
    "max_tokens",
    "model",
    "prompt",
    "request_id",
    "return_token_ids",
    "return_tokens_as_token_ids",
    "seed",
    "temperature"
  ]
}
leyline_fields: []
[HTTP CONNECTED #43] status=200 elapsed=7.316s

====================================================================================================
[HTTP START #44]
method: POST
url: http://127.0.0.1:9119/v1/completions
summary: {
  "model": "deepseek-v2-lite",
  "prompt": {
    "type": "token_ids/list",
    "length": 53
  },
  "max_tokens": 64,
  "temperature": 0,
  "request_keys": [
    "add_special_tokens",
    "cache_salt",
    "logprobs",
    "max_tokens",
    "model",
    "prompt",
    "request_id",
    "return_token_ids",
    "return_tokens_as_token_ids",
    "seed",
    "temperature"
  ]
}
leyline_fields: []
[HTTP CONNECTED #44] status=200 elapsed=7.409s

====================================================================================================
[HTTP START #45]
method: POST
url: http://127.0.0.1:9119/v1/completions
summary: {
  "model": "deepseek-v2-lite",
  "prompt": {
    "type": "token_ids/list",
    "length": 53
  },
  "max_tokens": 64,
  "temperature": 0,
  "request_keys": [
    "add_special_tokens",
    "cache_salt",
    "logprobs",
    "max_tokens",
    "model",
    "prompt",
    "request_id",
    "return_token_ids",
    "return_tokens_as_token_ids",
    "seed",
    "temperature"
  ]
}
leyline_fields: []
[HTTP CONNECTED #45] status=200 elapsed=7.438s

====================================================================================================
[HTTP START #46]
method: POST
url: http://127.0.0.1:9119/v1/completions
summary: {
  "model": "deepseek-v2-lite",
  "prompt": {
    "type": "token_ids/list",
    "length": 53
  },
  "max_tokens": 64,
  "temperature": 0,
  "request_keys": [
    "add_special_tokens",
    "cache_salt",
    "logprobs",
    "max_tokens",
    "model",
    "prompt",
    "request_id",
    "return_token_ids",
    "return_tokens_as_token_ids",
    "seed",
    "temperature"
  ]
}
leyline_fields: []
[HTTP CONNECTED #46] status=200 elapsed=7.435s

====================================================================================================
[HTTP START #47]
method: POST
url: http://127.0.0.1:9119/v1/completions
summary: {
  "model": "deepseek-v2-lite",
  "prompt": {
    "type": "token_ids/list",
    "length": 63
  },
  "max_tokens": 64,
  "temperature": 0,
  "request_keys": [
    "add_special_tokens",
    "cache_salt",
    "kv_transfer_params",
    "logprobs",
    "max_tokens",
    "model",
    "prompt",
    "request_id",
    "return_token_ids",
    "return_tokens_as_token_ids",
    "seed",
    "temperature"
  ]
}
leyline_fields: [
  [
    "$.kv_transfer_params.leyline",
    {
      "version": 1,
      "action": "record",
      "session_id": "incident-severity-label-2f63cdc9b59e4488a932c315ceff1bb6"
    }
  ],
  [
    "$.kv_transfer_params.leyline.action",
    "record"
  ],
  [
    "$.kv_transfer_params.leyline.session_id",
    "incident-severity-label-2f63cdc9b59e4488a932c315ceff1bb6"
  ]
]
[HTTP CONNECTED #47] status=200 elapsed=7.394s

====================================================================================================
[HTTP START #48]
method: POST
url: http://127.0.0.1:9119/v1/completions
summary: {
  "model": "deepseek-v2-lite",
  "prompt": {
    "type": "token_ids/list",
    "length": 53
  },
  "max_tokens": 64,
  "temperature": 0,
  "request_keys": [
    "add_special_tokens",
    "cache_salt",
    "kv_transfer_params",
    "logprobs",
    "max_tokens",
    "model",
    "prompt",
    "request_id",
    "return_token_ids",
    "return_tokens_as_token_ids",
    "seed",
    "temperature"
  ]
}
leyline_fields: [
  [
    "$.kv_transfer_params.leyline",
    {
      "version": 1,
      "action": "amortize",
      "session_id": "incident-severity-label-2f63cdc9b59e4488a932c315ceff1bb6",
      "delete": {
        "start": 33,
        "end": 43
      }
    }
  ],
  [
    "$.kv_transfer_params.leyline.action",
    "amortize"
  ],
  [
    "$.kv_transfer_params.leyline.session_id",
    "incident-severity-label-2f63cdc9b59e4488a932c315ceff1bb6"
  ],
  [
    "$.kv_transfer_params.leyline.delete",
    {
      "start": 33,
      "end": 43
    }
  ]
]
[HTTP CONNECTED #48] status=200 elapsed=7.363s

====================================================================================================
[HTTP START #49]
method: POST
url: http://127.0.0.1:9119/v1/completions
summary: {
  "model": "deepseek-v2-lite",
  "prompt": {
    "type": "token_ids/list",
    "length": 63
  },
  "max_tokens": 64,
  "temperature": 0,
  "request_keys": [
    "add_special_tokens",
    "cache_salt",
    "logprobs",
    "max_tokens",
    "model",
    "prompt",
    "request_id",
    "return_token_ids",
    "return_tokens_as_token_ids",
    "seed",
    "temperature"
  ]
}
leyline_fields: []
[HTTP CONNECTED #49] status=200 elapsed=7.416s

====================================================================================================
[HTTP START #50]
method: POST
url: http://127.0.0.1:9119/v1/completions
summary: {
  "model": "deepseek-v2-lite",
  "prompt": {
    "type": "token_ids/list",
    "length": 53
  },
  "max_tokens": 64,
  "temperature": 0,
  "request_keys": [
    "add_special_tokens",
    "cache_salt",
    "logprobs",
    "max_tokens",
    "model",
    "prompt",
    "request_id",
    "return_token_ids",
    "return_tokens_as_token_ids",
    "seed",
    "temperature"
  ]
}
leyline_fields: []
[HTTP CONNECTED #50] status=200 elapsed=7.377s

====================================================================================================
[HTTP START #51]
method: POST
url: http://127.0.0.1:9119/v1/completions
summary: {
  "model": "deepseek-v2-lite",
  "prompt": {
    "type": "token_ids/list",
    "length": 53
  },
  "max_tokens": 64,
  "temperature": 0,
  "request_keys": [
    "add_special_tokens",
    "cache_salt",
    "logprobs",
    "max_tokens",
    "model",
    "prompt",
    "request_id",
    "return_token_ids",
    "return_tokens_as_token_ids",
    "seed",
    "temperature"
  ]
}
leyline_fields: []
[HTTP CONNECTED #51] status=200 elapsed=7.376s

====================================================================================================
[HTTP START #52]
method: POST
url: http://127.0.0.1:9119/v1/completions
summary: {
  "model": "deepseek-v2-lite",
  "prompt": {
    "type": "token_ids/list",
    "length": 53
  },
  "max_tokens": 64,
  "temperature": 0,
  "request_keys": [
    "add_special_tokens",
    "cache_salt",
    "logprobs",
    "max_tokens",
    "model",
    "prompt",
    "request_id",
    "return_token_ids",
    "return_tokens_as_token_ids",
    "seed",
    "temperature"
  ]
}
leyline_fields: []
[HTTP CONNECTED #52] status=200 elapsed=7.446s

====================================================================================================
[HTTP START #53]
method: POST
url: http://127.0.0.1:9119/v1/completions
summary: {
  "model": "deepseek-v2-lite",
  "prompt": {
    "type": "token_ids/list",
    "length": 63
  },
  "max_tokens": 64,
  "temperature": 0,
  "request_keys": [
    "add_special_tokens",
    "cache_salt",
    "kv_transfer_params",
    "logprobs",
    "max_tokens",
    "model",
    "prompt",
    "request_id",
    "return_token_ids",
    "return_tokens_as_token_ids",
    "seed",
    "temperature"
  ]
}
leyline_fields: [
  [
    "$.kv_transfer_params.leyline",
    {
      "version": 1,
      "action": "record",
      "session_id": "incident-severity-label-27d8efb1b6ae4b0bba31baff7572c12d"
    }
  ],
  [
    "$.kv_transfer_params.leyline.action",
    "record"
  ],
  [
    "$.kv_transfer_params.leyline.session_id",
    "incident-severity-label-27d8efb1b6ae4b0bba31baff7572c12d"
  ]
]
[HTTP CONNECTED #53] status=200 elapsed=7.675s

====================================================================================================
[HTTP START #54]
method: POST
url: http://127.0.0.1:9119/v1/completions
summary: {
  "model": "deepseek-v2-lite",
  "prompt": {
    "type": "token_ids/list",
    "length": 53
  },
  "max_tokens": 64,
  "temperature": 0,
  "request_keys": [
    "add_special_tokens",
    "cache_salt",
    "kv_transfer_params",
    "logprobs",
    "max_tokens",
    "model",
    "prompt",
    "request_id",
    "return_token_ids",
    "return_tokens_as_token_ids",
    "seed",
    "temperature"
  ]
}
leyline_fields: [
  [
    "$.kv_transfer_params.leyline",
    {
      "version": 1,
      "action": "amortize",
      "session_id": "incident-severity-label-27d8efb1b6ae4b0bba31baff7572c12d",
      "delete": {
        "start": 33,
        "end": 43
      }
    }
  ],
  [
    "$.kv_transfer_params.leyline.action",
    "amortize"
  ],
  [
    "$.kv_transfer_params.leyline.session_id",
    "incident-severity-label-27d8efb1b6ae4b0bba31baff7572c12d"
  ],
  [
    "$.kv_transfer_params.leyline.delete",
    {
      "start": 33,
      "end": 43
    }
  ]
]
[HTTP CONNECTED #54] status=200 elapsed=7.828s

====================================================================================================
[HTTP START #55]
method: POST
url: http://127.0.0.1:9119/v1/completions
summary: {
  "model": "deepseek-v2-lite",
  "prompt": {
    "type": "token_ids/list",
    "length": 62
  },
  "max_tokens": 64,
  "temperature": 0,
  "request_keys": [
    "add_special_tokens",
    "cache_salt",
    "logprobs",
    "max_tokens",
    "model",
    "prompt",
    "request_id",
    "return_token_ids",
    "return_tokens_as_token_ids",
    "seed",
    "temperature"
  ]
}
leyline_fields: []
[HTTP CONNECTED #55] status=200 elapsed=7.885s

====================================================================================================
[HTTP START #56]
method: POST
url: http://127.0.0.1:9119/v1/completions
summary: {
  "model": "deepseek-v2-lite",
  "prompt": {
    "type": "token_ids/list",
    "length": 48
  },
  "max_tokens": 64,
  "temperature": 0,
  "request_keys": [
    "add_special_tokens",
    "cache_salt",
    "logprobs",
    "max_tokens",
    "model",
    "prompt",
    "request_id",
    "return_token_ids",
    "return_tokens_as_token_ids",
    "seed",
    "temperature"
  ]
}
leyline_fields: []
[HTTP CONNECTED #56] status=200 elapsed=7.804s

====================================================================================================
[HTTP START #57]
method: POST
url: http://127.0.0.1:9119/v1/completions
summary: {
  "model": "deepseek-v2-lite",
  "prompt": {
    "type": "token_ids/list",
    "length": 48
  },
  "max_tokens": 64,
  "temperature": 0,
  "request_keys": [
    "add_special_tokens",
    "cache_salt",
    "logprobs",
    "max_tokens",
    "model",
    "prompt",
    "request_id",
    "return_token_ids",
    "return_tokens_as_token_ids",
    "seed",
    "temperature"
  ]
}
leyline_fields: []
[HTTP CONNECTED #57] status=200 elapsed=7.734s

====================================================================================================
[HTTP START #58]
method: POST
url: http://127.0.0.1:9119/v1/completions
summary: {
  "model": "deepseek-v2-lite",
  "prompt": {
    "type": "token_ids/list",
    "length": 48
  },
  "max_tokens": 64,
  "temperature": 0,
  "request_keys": [
    "add_special_tokens",
    "cache_salt",
    "logprobs",
    "max_tokens",
    "model",
    "prompt",
    "request_id",
    "return_token_ids",
    "return_tokens_as_token_ids",
    "seed",
    "temperature"
  ]
}
leyline_fields: []
[HTTP CONNECTED #58] status=200 elapsed=7.747s

====================================================================================================
[HTTP START #59]
method: POST
url: http://127.0.0.1:9119/v1/completions
summary: {
  "model": "deepseek-v2-lite",
  "prompt": {
    "type": "token_ids/list",
    "length": 62
  },
  "max_tokens": 64,
  "temperature": 0,
  "request_keys": [
    "add_special_tokens",
    "cache_salt",
    "kv_transfer_params",
    "logprobs",
    "max_tokens",
    "model",
    "prompt",
    "request_id",
    "return_token_ids",
    "return_tokens_as_token_ids",
    "seed",
    "temperature"
  ]
}
leyline_fields: [
  [
    "$.kv_transfer_params.leyline",
    {
      "version": 1,
      "action": "record",
      "session_id": "feature-state-label-be39c8600e8549a887d7d423661abbf0"
    }
  ],
  [
    "$.kv_transfer_params.leyline.action",
    "record"
  ],
  [
    "$.kv_transfer_params.leyline.session_id",
    "feature-state-label-be39c8600e8549a887d7d423661abbf0"
  ]
]
[HTTP CONNECTED #59] status=200 elapsed=7.514s

====================================================================================================
[HTTP START #60]
method: POST
url: http://127.0.0.1:9119/v1/completions
summary: {
  "model": "deepseek-v2-lite",
  "prompt": {
    "type": "token_ids/list",
    "length": 48
  },
  "max_tokens": 64,
  "temperature": 0,
  "request_keys": [
    "add_special_tokens",
    "cache_salt",
    "kv_transfer_params",
    "logprobs",
    "max_tokens",
    "model",
    "prompt",
    "request_id",
    "return_token_ids",
    "return_tokens_as_token_ids",
    "seed",
    "temperature"
  ]
}
leyline_fields: [
  [
    "$.kv_transfer_params.leyline",
    {
      "version": 1,
      "action": "amortize",
      "session_id": "feature-state-label-be39c8600e8549a887d7d423661abbf0",
      "delete": {
        "start": 30,
        "end": 44
      }
    }
  ],
  [
    "$.kv_transfer_params.leyline.action",
    "amortize"
  ],
  [
    "$.kv_transfer_params.leyline.session_id",
    "feature-state-label-be39c8600e8549a887d7d423661abbf0"
  ],
  [
    "$.kv_transfer_params.leyline.delete",
    {
      "start": 30,
      "end": 44
    }
  ]
]
[HTTP CONNECTED #60] status=200 elapsed=7.348s

====================================================================================================
[HTTP START #61]
method: POST
url: http://127.0.0.1:9119/v1/completions
summary: {
  "model": "deepseek-v2-lite",
  "prompt": {
    "type": "token_ids/list",
    "length": 62
  },
  "max_tokens": 64,
  "temperature": 0,
  "request_keys": [
    "add_special_tokens",
    "cache_salt",
    "logprobs",
    "max_tokens",
    "model",
    "prompt",
    "request_id",
    "return_token_ids",
    "return_tokens_as_token_ids",
    "seed",
    "temperature"
  ]
}
leyline_fields: []
[HTTP CONNECTED #61] status=200 elapsed=7.542s

====================================================================================================
[HTTP START #62]
method: POST
url: http://127.0.0.1:9119/v1/completions
summary: {
  "model": "deepseek-v2-lite",
  "prompt": {
    "type": "token_ids/list",
    "length": 48
  },
  "max_tokens": 64,
  "temperature": 0,
  "request_keys": [
    "add_special_tokens",
    "cache_salt",
    "logprobs",
    "max_tokens",
    "model",
    "prompt",
    "request_id",
    "return_token_ids",
    "return_tokens_as_token_ids",
    "seed",
    "temperature"
  ]
}
leyline_fields: []
[HTTP CONNECTED #62] status=200 elapsed=7.448s

====================================================================================================
[HTTP START #63]
method: POST
url: http://127.0.0.1:9119/v1/completions
summary: {
  "model": "deepseek-v2-lite",
  "prompt": {
    "type": "token_ids/list",
    "length": 48
  },
  "max_tokens": 64,
  "temperature": 0,
  "request_keys": [
    "add_special_tokens",
    "cache_salt",
    "logprobs",
    "max_tokens",
    "model",
    "prompt",
    "request_id",
    "return_token_ids",
    "return_tokens_as_token_ids",
    "seed",
    "temperature"
  ]
}
leyline_fields: []
[HTTP CONNECTED #63] status=200 elapsed=7.435s

====================================================================================================
[HTTP START #64]
method: POST
url: http://127.0.0.1:9119/v1/completions
summary: {
  "model": "deepseek-v2-lite",
  "prompt": {
    "type": "token_ids/list",
    "length": 48
  },
  "max_tokens": 64,
  "temperature": 0,
  "request_keys": [
    "add_special_tokens",
    "cache_salt",
    "logprobs",
    "max_tokens",
    "model",
    "prompt",
    "request_id",
    "return_token_ids",
    "return_tokens_as_token_ids",
    "seed",
    "temperature"
  ]
}
leyline_fields: []
[HTTP CONNECTED #64] status=200 elapsed=7.388s

====================================================================================================
[HTTP START #65]
method: POST
url: http://127.0.0.1:9119/v1/completions
summary: {
  "model": "deepseek-v2-lite",
  "prompt": {
    "type": "token_ids/list",
    "length": 62
  },
  "max_tokens": 64,
  "temperature": 0,
  "request_keys": [
    "add_special_tokens",
    "cache_salt",
    "kv_transfer_params",
    "logprobs",
    "max_tokens",
    "model",
    "prompt",
    "request_id",
    "return_token_ids",
    "return_tokens_as_token_ids",
    "seed",
    "temperature"
  ]
}
leyline_fields: [
  [
    "$.kv_transfer_params.leyline",
    {
      "version": 1,
      "action": "record",
      "session_id": "feature-state-label-74049687606c46df9c184c071a11ef50"
    }
  ],
  [
    "$.kv_transfer_params.leyline.action",
    "record"
  ],
  [
    "$.kv_transfer_params.leyline.session_id",
    "feature-state-label-74049687606c46df9c184c071a11ef50"
  ]
]
[HTTP CONNECTED #65] status=200 elapsed=7.306s

====================================================================================================
[HTTP START #66]
method: POST
url: http://127.0.0.1:9119/v1/completions
summary: {
  "model": "deepseek-v2-lite",
  "prompt": {
    "type": "token_ids/list",
    "length": 48
  },
  "max_tokens": 64,
  "temperature": 0,
  "request_keys": [
    "add_special_tokens",
    "cache_salt",
    "kv_transfer_params",
    "logprobs",
    "max_tokens",
    "model",
    "prompt",
    "request_id",
    "return_token_ids",
    "return_tokens_as_token_ids",
    "seed",
    "temperature"
  ]
}
leyline_fields: [
  [
    "$.kv_transfer_params.leyline",
    {
      "version": 1,
      "action": "amortize",
      "session_id": "feature-state-label-74049687606c46df9c184c071a11ef50",
      "delete": {
        "start": 30,
        "end": 44
      }
    }
  ],
  [
    "$.kv_transfer_params.leyline.action",
    "amortize"
  ],
  [
    "$.kv_transfer_params.leyline.session_id",
    "feature-state-label-74049687606c46df9c184c071a11ef50"
  ],
  [
    "$.kv_transfer_params.leyline.delete",
    {
      "start": 30,
      "end": 44
    }
  ]
]
[HTTP CONNECTED #66] status=200 elapsed=7.374s

====================================================================================================
[HTTP START #67]
method: POST
url: http://127.0.0.1:9119/v1/completions
summary: {
  "model": "deepseek-v2-lite",
  "prompt": {
    "type": "token_ids/list",
    "length": 62
  },
  "max_tokens": 64,
  "temperature": 0,
  "request_keys": [
    "add_special_tokens",
    "cache_salt",
    "logprobs",
    "max_tokens",
    "model",
    "prompt",
    "request_id",
    "return_token_ids",
    "return_tokens_as_token_ids",
    "seed",
    "temperature"
  ]
}
leyline_fields: []
[HTTP CONNECTED #67] status=200 elapsed=7.444s

====================================================================================================
[HTTP START #68]
method: POST
url: http://127.0.0.1:9119/v1/completions
summary: {
  "model": "deepseek-v2-lite",
  "prompt": {
    "type": "token_ids/list",
    "length": 48
  },
  "max_tokens": 64,
  "temperature": 0,
  "request_keys": [
    "add_special_tokens",
    "cache_salt",
    "logprobs",
    "max_tokens",
    "model",
    "prompt",
    "request_id",
    "return_token_ids",
    "return_tokens_as_token_ids",
    "seed",
    "temperature"
  ]
}
leyline_fields: []
[HTTP CONNECTED #68] status=200 elapsed=7.413s

====================================================================================================
[HTTP START #69]
method: POST
url: http://127.0.0.1:9119/v1/completions
summary: {
  "model": "deepseek-v2-lite",
  "prompt": {
    "type": "token_ids/list",
    "length": 48
  },
  "max_tokens": 64,
  "temperature": 0,
  "request_keys": [
    "add_special_tokens",
    "cache_salt",
    "logprobs",
    "max_tokens",
    "model",
    "prompt",
    "request_id",
    "return_token_ids",
    "return_tokens_as_token_ids",
    "seed",
    "temperature"
  ]
}
leyline_fields: []
[HTTP CONNECTED #69] status=200 elapsed=7.374s

====================================================================================================
[HTTP START #70]
method: POST
url: http://127.0.0.1:9119/v1/completions
summary: {
  "model": "deepseek-v2-lite",
  "prompt": {
    "type": "token_ids/list",
    "length": 48
  },
  "max_tokens": 64,
  "temperature": 0,
  "request_keys": [
    "add_special_tokens",
    "cache_salt",
    "logprobs",
    "max_tokens",
    "model",
    "prompt",
    "request_id",
    "return_token_ids",
    "return_tokens_as_token_ids",
    "seed",
    "temperature"
  ]
}
leyline_fields: []
[HTTP CONNECTED #70] status=200 elapsed=7.293s

====================================================================================================
[HTTP START #71]
method: POST
url: http://127.0.0.1:9119/v1/completions
summary: {
  "model": "deepseek-v2-lite",
  "prompt": {
    "type": "token_ids/list",
    "length": 62
  },
  "max_tokens": 64,
  "temperature": 0,
  "request_keys": [
    "add_special_tokens",
    "cache_salt",
    "kv_transfer_params",
    "logprobs",
    "max_tokens",
    "model",
    "prompt",
    "request_id",
    "return_token_ids",
    "return_tokens_as_token_ids",
    "seed",
    "temperature"
  ]
}
leyline_fields: [
  [
    "$.kv_transfer_params.leyline",
    {
      "version": 1,
      "action": "record",
      "session_id": "feature-state-label-228f998336b8446497d4421488714c67"
    }
  ],
  [
    "$.kv_transfer_params.leyline.action",
    "record"
  ],
  [
    "$.kv_transfer_params.leyline.session_id",
    "feature-state-label-228f998336b8446497d4421488714c67"
  ]
]
[HTTP CONNECTED #71] status=200 elapsed=7.318s

====================================================================================================
[HTTP START #72]
method: POST
url: http://127.0.0.1:9119/v1/completions
summary: {
  "model": "deepseek-v2-lite",
  "prompt": {
    "type": "token_ids/list",
    "length": 48
  },
  "max_tokens": 64,
  "temperature": 0,
  "request_keys": [
    "add_special_tokens",
    "cache_salt",
    "kv_transfer_params",
    "logprobs",
    "max_tokens",
    "model",
    "prompt",
    "request_id",
    "return_token_ids",
    "return_tokens_as_token_ids",
    "seed",
    "temperature"
  ]
}
leyline_fields: [
  [
    "$.kv_transfer_params.leyline",
    {
      "version": 1,
      "action": "amortize",
      "session_id": "feature-state-label-228f998336b8446497d4421488714c67",
      "delete": {
        "start": 30,
        "end": 44
      }
    }
  ],
  [
    "$.kv_transfer_params.leyline.action",
    "amortize"
  ],
  [
    "$.kv_transfer_params.leyline.session_id",
    "feature-state-label-228f998336b8446497d4421488714c67"
  ],
  [
    "$.kv_transfer_params.leyline.delete",
    {
      "start": 30,
      "end": 44
    }
  ]
]
[HTTP CONNECTED #72] status=200 elapsed=7.312s

====================================================================================================
[HTTP START #73]
method: POST
url: http://127.0.0.1:9119/v1/completions
summary: {
  "model": "deepseek-v2-lite",
  "prompt": {
    "type": "token_ids/list",
    "length": 44
  },
  "max_tokens": 64,
  "temperature": 0,
  "request_keys": [
    "add_special_tokens",
    "cache_salt",
    "logprobs",
    "max_tokens",
    "model",
    "prompt",
    "request_id",
    "return_token_ids",
    "return_tokens_as_token_ids",
    "seed",
    "temperature"
  ]
}
leyline_fields: []
[HTTP CONNECTED #73] status=200 elapsed=7.388s

====================================================================================================
[HTTP START #74]
method: POST
url: http://127.0.0.1:9119/v1/completions
summary: {
  "model": "deepseek-v2-lite",
  "prompt": {
    "type": "token_ids/list",
    "length": 38
  },
  "max_tokens": 64,
  "temperature": 0,
  "request_keys": [
    "add_special_tokens",
    "cache_salt",
    "logprobs",
    "max_tokens",
    "model",
    "prompt",
    "request_id",
    "return_token_ids",
    "return_tokens_as_token_ids",
    "seed",
    "temperature"
  ]
}
leyline_fields: []
[HTTP CONNECTED #74] status=200 elapsed=7.363s

====================================================================================================
[HTTP START #75]
method: POST
url: http://127.0.0.1:9119/v1/completions
summary: {
  "model": "deepseek-v2-lite",
  "prompt": {
    "type": "token_ids/list",
    "length": 38
  },
  "max_tokens": 64,
  "temperature": 0,
  "request_keys": [
    "add_special_tokens",
    "cache_salt",
    "logprobs",
    "max_tokens",
    "model",
    "prompt",
    "request_id",
    "return_token_ids",
    "return_tokens_as_token_ids",
    "seed",
    "temperature"
  ]
}
leyline_fields: []
[HTTP CONNECTED #75] status=200 elapsed=7.394s

====================================================================================================
[HTTP START #76]
method: POST
url: http://127.0.0.1:9119/v1/completions
summary: {
  "model": "deepseek-v2-lite",
  "prompt": {
    "type": "token_ids/list",
    "length": 38
  },
  "max_tokens": 64,
  "temperature": 0,
  "request_keys": [
    "add_special_tokens",
    "cache_salt",
    "logprobs",
    "max_tokens",
    "model",
    "prompt",
    "request_id",
    "return_token_ids",
    "return_tokens_as_token_ids",
    "seed",
    "temperature"
  ]
}
leyline_fields: []
[HTTP CONNECTED #76] status=200 elapsed=4.474s

====================================================================================================
[HTTP START #77]
method: POST
url: http://127.0.0.1:9119/v1/completions
summary: {
  "model": "deepseek-v2-lite",
  "prompt": {
    "type": "token_ids/list",
    "length": 44
  },
  "max_tokens": 64,
  "temperature": 0,
  "request_keys": [
    "add_special_tokens",
    "cache_salt",
    "kv_transfer_params",
    "logprobs",
    "max_tokens",
    "model",
    "prompt",
    "request_id",
    "return_token_ids",
    "return_tokens_as_token_ids",
    "seed",
    "temperature"
  ]
}
leyline_fields: [
  [
    "$.kv_transfer_params.leyline",
    {
      "version": 1,
      "action": "record",
      "session_id": "build-language-label-f8798b20fb534a0197e6cec95b7fbf69"
    }
  ],
  [
    "$.kv_transfer_params.leyline.action",
    "record"
  ],
  [
    "$.kv_transfer_params.leyline.session_id",
    "build-language-label-f8798b20fb534a0197e6cec95b7fbf69"
  ]
]
[HTTP CONNECTED #77] status=200 elapsed=7.471s

====================================================================================================
[HTTP START #78]
method: POST
url: http://127.0.0.1:9119/v1/completions
summary: {
  "model": "deepseek-v2-lite",
  "prompt": {
    "type": "token_ids/list",
    "length": 38
  },
  "max_tokens": 64,
  "temperature": 0,
  "request_keys": [
    "add_special_tokens",
    "cache_salt",
    "kv_transfer_params",
    "logprobs",
    "max_tokens",
    "model",
    "prompt",
    "request_id",
    "return_token_ids",
    "return_tokens_as_token_ids",
    "seed",
    "temperature"
  ]
}
leyline_fields: [
  [
    "$.kv_transfer_params.leyline",
    {
      "version": 1,
      "action": "amortize",
      "session_id": "build-language-label-f8798b20fb534a0197e6cec95b7fbf69",
      "delete": {
        "start": 26,
        "end": 32
      }
    }
  ],
  [
    "$.kv_transfer_params.leyline.action",
    "amortize"
  ],
  [
    "$.kv_transfer_params.leyline.session_id",
    "build-language-label-f8798b20fb534a0197e6cec95b7fbf69"
  ],
  [
    "$.kv_transfer_params.leyline.delete",
    {
      "start": 26,
      "end": 32
    }
  ]
]
[HTTP CONNECTED #78] status=200 elapsed=7.433s

====================================================================================================
[HTTP START #79]
method: POST
url: http://127.0.0.1:9119/v1/completions
summary: {
  "model": "deepseek-v2-lite",
  "prompt": {
    "type": "token_ids/list",
    "length": 44
  },
  "max_tokens": 64,
  "temperature": 0,
  "request_keys": [
    "add_special_tokens",
    "cache_salt",
    "logprobs",
    "max_tokens",
    "model",
    "prompt",
    "request_id",
    "return_token_ids",
    "return_tokens_as_token_ids",
    "seed",
    "temperature"
  ]
}
leyline_fields: []
[HTTP CONNECTED #79] status=200 elapsed=7.373s

====================================================================================================
[HTTP START #80]
method: POST
url: http://127.0.0.1:9119/v1/completions
summary: {
  "model": "deepseek-v2-lite",
  "prompt": {
    "type": "token_ids/list",
    "length": 38
  },
  "max_tokens": 64,
  "temperature": 0,
  "request_keys": [
    "add_special_tokens",
    "cache_salt",
    "logprobs",
    "max_tokens",
    "model",
    "prompt",
    "request_id",
    "return_token_ids",
    "return_tokens_as_token_ids",
    "seed",
    "temperature"
  ]
}
leyline_fields: []
[HTTP CONNECTED #80] status=200 elapsed=7.408s

====================================================================================================
[HTTP START #81]
method: POST
url: http://127.0.0.1:9119/v1/completions
summary: {
  "model": "deepseek-v2-lite",
  "prompt": {
    "type": "token_ids/list",
    "length": 38
  },
  "max_tokens": 64,
  "temperature": 0,
  "request_keys": [
    "add_special_tokens",
    "cache_salt",
    "logprobs",
    "max_tokens",
    "model",
    "prompt",
    "request_id",
    "return_token_ids",
    "return_tokens_as_token_ids",
    "seed",
    "temperature"
  ]
}
leyline_fields: []
[HTTP CONNECTED #81] status=200 elapsed=7.518s

====================================================================================================
[HTTP START #82]
method: POST
url: http://127.0.0.1:9119/v1/completions
summary: {
  "model": "deepseek-v2-lite",
  "prompt": {
    "type": "token_ids/list",
    "length": 38
  },
  "max_tokens": 64,
  "temperature": 0,
  "request_keys": [
    "add_special_tokens",
    "cache_salt",
    "logprobs",
    "max_tokens",
    "model",
    "prompt",
    "request_id",
    "return_token_ids",
    "return_tokens_as_token_ids",
    "seed",
    "temperature"
  ]
}
leyline_fields: []
[HTTP CONNECTED #82] status=200 elapsed=4.427s

====================================================================================================
[HTTP START #83]
method: POST
url: http://127.0.0.1:9119/v1/completions
summary: {
  "model": "deepseek-v2-lite",
  "prompt": {
    "type": "token_ids/list",
    "length": 44
  },
  "max_tokens": 64,
  "temperature": 0,
  "request_keys": [
    "add_special_tokens",
    "cache_salt",
    "kv_transfer_params",
    "logprobs",
    "max_tokens",
    "model",
    "prompt",
    "request_id",
    "return_token_ids",
    "return_tokens_as_token_ids",
    "seed",
    "temperature"
  ]
}
leyline_fields: [
  [
    "$.kv_transfer_params.leyline",
    {
      "version": 1,
      "action": "record",
      "session_id": "build-language-label-4b17bd50f0cd4e069510d73a9ca8709d"
    }
  ],
  [
    "$.kv_transfer_params.leyline.action",
    "record"
  ],
  [
    "$.kv_transfer_params.leyline.session_id",
    "build-language-label-4b17bd50f0cd4e069510d73a9ca8709d"
  ]
]
[HTTP CONNECTED #83] status=200 elapsed=7.509s

====================================================================================================
[HTTP START #84]
method: POST
url: http://127.0.0.1:9119/v1/completions
summary: {
  "model": "deepseek-v2-lite",
  "prompt": {
    "type": "token_ids/list",
    "length": 38
  },
  "max_tokens": 64,
  "temperature": 0,
  "request_keys": [
    "add_special_tokens",
    "cache_salt",
    "kv_transfer_params",
    "logprobs",
    "max_tokens",
    "model",
    "prompt",
    "request_id",
    "return_token_ids",
    "return_tokens_as_token_ids",
    "seed",
    "temperature"
  ]
}
leyline_fields: [
  [
    "$.kv_transfer_params.leyline",
    {
      "version": 1,
      "action": "amortize",
      "session_id": "build-language-label-4b17bd50f0cd4e069510d73a9ca8709d",
      "delete": {
        "start": 26,
        "end": 32
      }
    }
  ],
  [
    "$.kv_transfer_params.leyline.action",
    "amortize"
  ],
  [
    "$.kv_transfer_params.leyline.session_id",
    "build-language-label-4b17bd50f0cd4e069510d73a9ca8709d"
  ],
  [
    "$.kv_transfer_params.leyline.delete",
    {
      "start": 26,
      "end": 32
    }
  ]
]
[HTTP CONNECTED #84] status=200 elapsed=7.362s

====================================================================================================
[HTTP START #85]
method: POST
url: http://127.0.0.1:9119/v1/completions
summary: {
  "model": "deepseek-v2-lite",
  "prompt": {
    "type": "token_ids/list",
    "length": 44
  },
  "max_tokens": 64,
  "temperature": 0,
  "request_keys": [
    "add_special_tokens",
    "cache_salt",
    "logprobs",
    "max_tokens",
    "model",
    "prompt",
    "request_id",
    "return_token_ids",
    "return_tokens_as_token_ids",
    "seed",
    "temperature"
  ]
}
leyline_fields: []
[HTTP CONNECTED #85] status=200 elapsed=7.404s

====================================================================================================
[HTTP START #86]
method: POST
url: http://127.0.0.1:9119/v1/completions
summary: {
  "model": "deepseek-v2-lite",
  "prompt": {
    "type": "token_ids/list",
    "length": 38
  },
  "max_tokens": 64,
  "temperature": 0,
  "request_keys": [
    "add_special_tokens",
    "cache_salt",
    "logprobs",
    "max_tokens",
    "model",
    "prompt",
    "request_id",
    "return_token_ids",
    "return_tokens_as_token_ids",
    "seed",
    "temperature"
  ]
}
leyline_fields: []
[HTTP CONNECTED #86] status=200 elapsed=7.415s

====================================================================================================
[HTTP START #87]
method: POST
url: http://127.0.0.1:9119/v1/completions
summary: {
  "model": "deepseek-v2-lite",
  "prompt": {
    "type": "token_ids/list",
    "length": 38
  },
  "max_tokens": 64,
  "temperature": 0,
  "request_keys": [
    "add_special_tokens",
    "cache_salt",
    "logprobs",
    "max_tokens",
    "model",
    "prompt",
    "request_id",
    "return_token_ids",
    "return_tokens_as_token_ids",
    "seed",
    "temperature"
  ]
}
leyline_fields: []
[HTTP CONNECTED #87] status=200 elapsed=7.901s

====================================================================================================
[HTTP START #88]
method: POST
url: http://127.0.0.1:9119/v1/completions
summary: {
  "model": "deepseek-v2-lite",
  "prompt": {
    "type": "token_ids/list",
    "length": 38
  },
  "max_tokens": 64,
  "temperature": 0,
  "request_keys": [
    "add_special_tokens",
    "cache_salt",
    "logprobs",
    "max_tokens",
    "model",
    "prompt",
    "request_id",
    "return_token_ids",
    "return_tokens_as_token_ids",
    "seed",
    "temperature"
  ]
}
leyline_fields: []
[HTTP CONNECTED #88] status=200 elapsed=7.832s

====================================================================================================
[HTTP START #89]
method: POST
url: http://127.0.0.1:9119/v1/completions
summary: {
  "model": "deepseek-v2-lite",
  "prompt": {
    "type": "token_ids/list",
    "length": 44
  },
  "max_tokens": 64,
  "temperature": 0,
  "request_keys": [
    "add_special_tokens",
    "cache_salt",
    "kv_transfer_params",
    "logprobs",
    "max_tokens",
    "model",
    "prompt",
    "request_id",
    "return_token_ids",
    "return_tokens_as_token_ids",
    "seed",
    "temperature"
  ]
}
leyline_fields: [
  [
    "$.kv_transfer_params.leyline",
    {
      "version": 1,
      "action": "record",
      "session_id": "build-language-label-127e030347874db3916fc377b5d8a328"
    }
  ],
  [
    "$.kv_transfer_params.leyline.action",
    "record"
  ],
  [
    "$.kv_transfer_params.leyline.session_id",
    "build-language-label-127e030347874db3916fc377b5d8a328"
  ]
]
[HTTP CONNECTED #89] status=200 elapsed=7.909s

====================================================================================================
[HTTP START #90]
method: POST
url: http://127.0.0.1:9119/v1/completions
summary: {
  "model": "deepseek-v2-lite",
  "prompt": {
    "type": "token_ids/list",
    "length": 38
  },
  "max_tokens": 64,
  "temperature": 0,
  "request_keys": [
    "add_special_tokens",
    "cache_salt",
    "kv_transfer_params",
    "logprobs",
    "max_tokens",
    "model",
    "prompt",
    "request_id",
    "return_token_ids",
    "return_tokens_as_token_ids",
    "seed",
    "temperature"
  ]
}
leyline_fields: [
  [
    "$.kv_transfer_params.leyline",
    {
      "version": 1,
      "action": "amortize",
      "session_id": "build-language-label-127e030347874db3916fc377b5d8a328",
      "delete": {
        "start": 26,
        "end": 32
      }
    }
  ],
  [
    "$.kv_transfer_params.leyline.action",
    "amortize"
  ],
  [
    "$.kv_transfer_params.leyline.session_id",
    "build-language-label-127e030347874db3916fc377b5d8a328"
  ],
  [
    "$.kv_transfer_params.leyline.delete",
    {
      "start": 26,
      "end": 32
    }
  ]
]
[HTTP CONNECTED #90] status=200 elapsed=7.418s

====================================================================================================
[HTTP START #91]
method: POST
url: http://127.0.0.1:9119/v1/completions
summary: {
  "model": "deepseek-v2-lite",
  "prompt": {
    "type": "token_ids/list",
    "length": 53
  },
  "max_tokens": 64,
  "temperature": 0,
  "request_keys": [
    "add_special_tokens",
    "cache_salt",
    "logprobs",
    "max_tokens",
    "model",
    "prompt",
    "request_id",
    "return_token_ids",
    "return_tokens_as_token_ids",
    "seed",
    "temperature"
  ]
}
leyline_fields: []
[HTTP CONNECTED #91] status=200 elapsed=5.543s

====================================================================================================
[HTTP START #92]
method: POST
url: http://127.0.0.1:9119/v1/completions
summary: {
  "model": "deepseek-v2-lite",
  "prompt": {
    "type": "token_ids/list",
    "length": 38
  },
  "max_tokens": 64,
  "temperature": 0,
  "request_keys": [
    "add_special_tokens",
    "cache_salt",
    "logprobs",
    "max_tokens",
    "model",
    "prompt",
    "request_id",
    "return_token_ids",
    "return_tokens_as_token_ids",
    "seed",
    "temperature"
  ]
}
leyline_fields: []
[HTTP CONNECTED #92] status=200 elapsed=5.561s

====================================================================================================
[HTTP START #93]
method: POST
url: http://127.0.0.1:9119/v1/completions
summary: {
  "model": "deepseek-v2-lite",
  "prompt": {
    "type": "token_ids/list",
    "length": 38
  },
  "max_tokens": 64,
  "temperature": 0,
  "request_keys": [
    "add_special_tokens",
    "cache_salt",
    "logprobs",
    "max_tokens",
    "model",
    "prompt",
    "request_id",
    "return_token_ids",
    "return_tokens_as_token_ids",
    "seed",
    "temperature"
  ]
}
leyline_fields: []
[HTTP CONNECTED #93] status=200 elapsed=5.677s

====================================================================================================
[HTTP START #94]
method: POST
url: http://127.0.0.1:9119/v1/completions
summary: {
  "model": "deepseek-v2-lite",
  "prompt": {
    "type": "token_ids/list",
    "length": 38
  },
  "max_tokens": 64,
  "temperature": 0,
  "request_keys": [
    "add_special_tokens",
    "cache_salt",
    "logprobs",
    "max_tokens",
    "model",
    "prompt",
    "request_id",
    "return_token_ids",
    "return_tokens_as_token_ids",
    "seed",
    "temperature"
  ]
}
leyline_fields: []
[HTTP CONNECTED #94] status=200 elapsed=5.972s

====================================================================================================
[HTTP START #95]
method: POST
url: http://127.0.0.1:9119/v1/completions
summary: {
  "model": "deepseek-v2-lite",
  "prompt": {
    "type": "token_ids/list",
    "length": 53
  },
  "max_tokens": 64,
  "temperature": 0,
  "request_keys": [
    "add_special_tokens",
    "cache_salt",
    "kv_transfer_params",
    "logprobs",
    "max_tokens",
    "model",
    "prompt",
    "request_id",
    "return_token_ids",
    "return_tokens_as_token_ids",
    "seed",
    "temperature"
  ]
}
leyline_fields: [
  [
    "$.kv_transfer_params.leyline",
    {
      "version": 1,
      "action": "record",
      "session_id": "python-square-next-token-4ffa2ba6091e4c5faa76407a7c1de1dd"
    }
  ],
  [
    "$.kv_transfer_params.leyline.action",
    "record"
  ],
  [
    "$.kv_transfer_params.leyline.session_id",
    "python-square-next-token-4ffa2ba6091e4c5faa76407a7c1de1dd"
  ]
]
[HTTP CONNECTED #95] status=200 elapsed=6.119s

====================================================================================================
[HTTP START #96]
method: POST
url: http://127.0.0.1:9119/v1/completions
summary: {
  "model": "deepseek-v2-lite",
  "prompt": {
    "type": "token_ids/list",
    "length": 38
  },
  "max_tokens": 64,
  "temperature": 0,
  "request_keys": [
    "add_special_tokens",
    "cache_salt",
    "kv_transfer_params",
    "logprobs",
    "max_tokens",
    "model",
    "prompt",
    "request_id",
    "return_token_ids",
    "return_tokens_as_token_ids",
    "seed",
    "temperature"
  ]
}
leyline_fields: [
  [
    "$.kv_transfer_params.leyline",
    {
      "version": 1,
      "action": "amortize",
      "session_id": "python-square-next-token-4ffa2ba6091e4c5faa76407a7c1de1dd",
      "delete": {
        "start": 13,
        "end": 28
      }
    }
  ],
  [
    "$.kv_transfer_params.leyline.action",
    "amortize"
  ],
  [
    "$.kv_transfer_params.leyline.session_id",
    "python-square-next-token-4ffa2ba6091e4c5faa76407a7c1de1dd"
  ],
  [
    "$.kv_transfer_params.leyline.delete",
    {
      "start": 13,
      "end": 28
    }
  ]
]
[HTTP CONNECTED #96] status=200 elapsed=5.487s

====================================================================================================
[HTTP START #97]
method: POST
url: http://127.0.0.1:9119/v1/completions
summary: {
  "model": "deepseek-v2-lite",
  "prompt": {
    "type": "token_ids/list",
    "length": 53
  },
  "max_tokens": 64,
  "temperature": 0,
  "request_keys": [
    "add_special_tokens",
    "cache_salt",
    "logprobs",
    "max_tokens",
    "model",
    "prompt",
    "request_id",
    "return_token_ids",
    "return_tokens_as_token_ids",
    "seed",
    "temperature"
  ]
}
leyline_fields: []
[HTTP CONNECTED #97] status=200 elapsed=5.624s

====================================================================================================
[HTTP START #98]
method: POST
url: http://127.0.0.1:9119/v1/completions
summary: {
  "model": "deepseek-v2-lite",
  "prompt": {
    "type": "token_ids/list",
    "length": 38
  },
  "max_tokens": 64,
  "temperature": 0,
  "request_keys": [
    "add_special_tokens",
    "cache_salt",
    "logprobs",
    "max_tokens",
    "model",
    "prompt",
    "request_id",
    "return_token_ids",
    "return_tokens_as_token_ids",
    "seed",
    "temperature"
  ]
}
leyline_fields: []
[HTTP CONNECTED #98] status=200 elapsed=5.599s

====================================================================================================
[HTTP START #99]
method: POST
url: http://127.0.0.1:9119/v1/completions
summary: {
  "model": "deepseek-v2-lite",
  "prompt": {
    "type": "token_ids/list",
    "length": 38
  },
  "max_tokens": 64,
  "temperature": 0,
  "request_keys": [
    "add_special_tokens",
    "cache_salt",
    "logprobs",
    "max_tokens",
    "model",
    "prompt",
    "request_id",
    "return_token_ids",
    "return_tokens_as_token_ids",
    "seed",
    "temperature"
  ]
}
leyline_fields: []
[HTTP CONNECTED #99] status=200 elapsed=5.610s

====================================================================================================
[HTTP START #100]
method: POST
url: http://127.0.0.1:9119/v1/completions
summary: {
  "model": "deepseek-v2-lite",
  "prompt": {
    "type": "token_ids/list",
    "length": 38
  },
  "max_tokens": 64,
  "temperature": 0,
  "request_keys": [
    "add_special_tokens",
    "cache_salt",
    "logprobs",
    "max_tokens",
    "model",
    "prompt",
    "request_id",
    "return_token_ids",
    "return_tokens_as_token_ids",
    "seed",
    "temperature"
  ]
}
leyline_fields: []
[HTTP CONNECTED #100] status=200 elapsed=5.603s

====================================================================================================
[HTTP START #101]
method: POST
url: http://127.0.0.1:9119/v1/completions
summary: {
  "model": "deepseek-v2-lite",
  "prompt": {
    "type": "token_ids/list",
    "length": 53
  },
  "max_tokens": 64,
  "temperature": 0,
  "request_keys": [
    "add_special_tokens",
    "cache_salt",
    "kv_transfer_params",
    "logprobs",
    "max_tokens",
    "model",
    "prompt",
    "request_id",
    "return_token_ids",
    "return_tokens_as_token_ids",
    "seed",
    "temperature"
  ]
}
leyline_fields: [
  [
    "$.kv_transfer_params.leyline",
    {
      "version": 1,
      "action": "record",
      "session_id": "python-square-next-token-3e4d7d90c1f8498d87b22d631efd9b78"
    }
  ],
  [
    "$.kv_transfer_params.leyline.action",
    "record"
  ],
  [
    "$.kv_transfer_params.leyline.session_id",
    "python-square-next-token-3e4d7d90c1f8498d87b22d631efd9b78"
  ]
]
[HTTP CONNECTED #101] status=200 elapsed=5.606s

====================================================================================================
[HTTP START #102]
method: POST
url: http://127.0.0.1:9119/v1/completions
summary: {
  "model": "deepseek-v2-lite",
  "prompt": {
    "type": "token_ids/list",
    "length": 38
  },
  "max_tokens": 64,
  "temperature": 0,
  "request_keys": [
    "add_special_tokens",
    "cache_salt",
    "kv_transfer_params",
    "logprobs",
    "max_tokens",
    "model",
    "prompt",
    "request_id",
    "return_token_ids",
    "return_tokens_as_token_ids",
    "seed",
    "temperature"
  ]
}
leyline_fields: [
  [
    "$.kv_transfer_params.leyline",
    {
      "version": 1,
      "action": "amortize",
      "session_id": "python-square-next-token-3e4d7d90c1f8498d87b22d631efd9b78",
      "delete": {
        "start": 13,
        "end": 28
      }
    }
  ],
  [
    "$.kv_transfer_params.leyline.action",
    "amortize"
  ],
  [
    "$.kv_transfer_params.leyline.session_id",
    "python-square-next-token-3e4d7d90c1f8498d87b22d631efd9b78"
  ],
  [
    "$.kv_transfer_params.leyline.delete",
    {
      "start": 13,
      "end": 28
    }
  ]
]
[HTTP CONNECTED #102] status=200 elapsed=5.669s

====================================================================================================
[HTTP START #103]
method: POST
url: http://127.0.0.1:9119/v1/completions
summary: {
  "model": "deepseek-v2-lite",
  "prompt": {
    "type": "token_ids/list",
    "length": 53
  },
  "max_tokens": 64,
  "temperature": 0,
  "request_keys": [
    "add_special_tokens",
    "cache_salt",
    "logprobs",
    "max_tokens",
    "model",
    "prompt",
    "request_id",
    "return_token_ids",
    "return_tokens_as_token_ids",
    "seed",
    "temperature"
  ]
}
leyline_fields: []
[HTTP CONNECTED #103] status=200 elapsed=5.548s

====================================================================================================
[HTTP START #104]
method: POST
url: http://127.0.0.1:9119/v1/completions
summary: {
  "model": "deepseek-v2-lite",
  "prompt": {
    "type": "token_ids/list",
    "length": 38
  },
  "max_tokens": 64,
  "temperature": 0,
  "request_keys": [
    "add_special_tokens",
    "cache_salt",
    "logprobs",
    "max_tokens",
    "model",
    "prompt",
    "request_id",
    "return_token_ids",
    "return_tokens_as_token_ids",
    "seed",
    "temperature"
  ]
}
leyline_fields: []
[HTTP CONNECTED #104] status=200 elapsed=5.579s

====================================================================================================
[HTTP START #105]
method: POST
url: http://127.0.0.1:9119/v1/completions
summary: {
  "model": "deepseek-v2-lite",
  "prompt": {
    "type": "token_ids/list",
    "length": 38
  },
  "max_tokens": 64,
  "temperature": 0,
  "request_keys": [
    "add_special_tokens",
    "cache_salt",
    "logprobs",
    "max_tokens",
    "model",
    "prompt",
    "request_id",
    "return_token_ids",
    "return_tokens_as_token_ids",
    "seed",
    "temperature"
  ]
}
leyline_fields: []
[HTTP CONNECTED #105] status=200 elapsed=5.557s

====================================================================================================
[HTTP START #106]
method: POST
url: http://127.0.0.1:9119/v1/completions
summary: {
  "model": "deepseek-v2-lite",
  "prompt": {
    "type": "token_ids/list",
    "length": 38
  },
  "max_tokens": 64,
  "temperature": 0,
  "request_keys": [
    "add_special_tokens",
    "cache_salt",
    "logprobs",
    "max_tokens",
    "model",
    "prompt",
    "request_id",
    "return_token_ids",
    "return_tokens_as_token_ids",
    "seed",
    "temperature"
  ]
}
leyline_fields: []
[HTTP CONNECTED #106] status=200 elapsed=5.568s

====================================================================================================
[HTTP START #107]
method: POST
url: http://127.0.0.1:9119/v1/completions
summary: {
  "model": "deepseek-v2-lite",
  "prompt": {
    "type": "token_ids/list",
    "length": 53
  },
  "max_tokens": 64,
  "temperature": 0,
  "request_keys": [
    "add_special_tokens",
    "cache_salt",
    "kv_transfer_params",
    "logprobs",
    "max_tokens",
    "model",
    "prompt",
    "request_id",
    "return_token_ids",
    "return_tokens_as_token_ids",
    "seed",
    "temperature"
  ]
}
leyline_fields: [
  [
    "$.kv_transfer_params.leyline",
    {
      "version": 1,
      "action": "record",
      "session_id": "python-square-next-token-2bf5777ebb074b5abe27d63cb07ba2c2"
    }
  ],
  [
    "$.kv_transfer_params.leyline.action",
    "record"
  ],
  [
    "$.kv_transfer_params.leyline.session_id",
    "python-square-next-token-2bf5777ebb074b5abe27d63cb07ba2c2"
  ]
]
[HTTP CONNECTED #107] status=200 elapsed=5.580s

====================================================================================================
[HTTP START #108]
method: POST
url: http://127.0.0.1:9119/v1/completions
summary: {
  "model": "deepseek-v2-lite",
  "prompt": {
    "type": "token_ids/list",
    "length": 38
  },
  "max_tokens": 64,
  "temperature": 0,
  "request_keys": [
    "add_special_tokens",
    "cache_salt",
    "kv_transfer_params",
    "logprobs",
    "max_tokens",
    "model",
    "prompt",
    "request_id",
    "return_token_ids",
    "return_tokens_as_token_ids",
    "seed",
    "temperature"
  ]
}
leyline_fields: [
  [
    "$.kv_transfer_params.leyline",
    {
      "version": 1,
      "action": "amortize",
      "session_id": "python-square-next-token-2bf5777ebb074b5abe27d63cb07ba2c2",
      "delete": {
        "start": 13,
        "end": 28
      }
    }
  ],
  [
    "$.kv_transfer_params.leyline.action",
    "amortize"
  ],
  [
    "$.kv_transfer_params.leyline.session_id",
    "python-square-next-token-2bf5777ebb074b5abe27d63cb07ba2c2"
  ],
  [
    "$.kv_transfer_params.leyline.delete",
    {
      "start": 13,
      "end": 28
    }
  ]
]
[HTTP CONNECTED #108] status=200 elapsed=5.501s

====================================================================================================
[HTTP START #109]
method: POST
url: http://127.0.0.1:9119/v1/completions
summary: {
  "model": "deepseek-v2-lite",
  "prompt": {
    "type": "token_ids/list",
    "length": 40
  },
  "max_tokens": 64,
  "temperature": 0,
  "request_keys": [
    "add_special_tokens",
    "cache_salt",
    "logprobs",
    "max_tokens",
    "model",
    "prompt",
    "request_id",
    "return_token_ids",
    "return_tokens_as_token_ids",
    "seed",
    "temperature"
  ]
}
leyline_fields: []
[HTTP CONNECTED #109] status=200 elapsed=7.717s

====================================================================================================
[HTTP START #110]
method: POST
url: http://127.0.0.1:9119/v1/completions
summary: {
  "model": "deepseek-v2-lite",
  "prompt": {
    "type": "token_ids/list",
    "length": 39
  },
  "max_tokens": 64,
  "temperature": 0,
  "request_keys": [
    "add_special_tokens",
    "cache_salt",
    "logprobs",
    "max_tokens",
    "model",
    "prompt",
    "request_id",
    "return_token_ids",
    "return_tokens_as_token_ids",
    "seed",
    "temperature"
  ]
}
leyline_fields: []
[HTTP CONNECTED #110] status=200 elapsed=7.384s

====================================================================================================
[HTTP START #111]
method: POST
url: http://127.0.0.1:9119/v1/completions
summary: {
  "model": "deepseek-v2-lite",
  "prompt": {
    "type": "token_ids/list",
    "length": 39
  },
  "max_tokens": 64,
  "temperature": 0,
  "request_keys": [
    "add_special_tokens",
    "cache_salt",
    "logprobs",
    "max_tokens",
    "model",
    "prompt",
    "request_id",
    "return_token_ids",
    "return_tokens_as_token_ids",
    "seed",
    "temperature"
  ]
}
leyline_fields: []
[HTTP CONNECTED #111] status=200 elapsed=7.423s

====================================================================================================
[HTTP START #112]
method: POST
url: http://127.0.0.1:9119/v1/completions
summary: {
  "model": "deepseek-v2-lite",
  "prompt": {
    "type": "token_ids/list",
    "length": 39
  },
  "max_tokens": 64,
  "temperature": 0,
  "request_keys": [
    "add_special_tokens",
    "cache_salt",
    "logprobs",
    "max_tokens",
    "model",
    "prompt",
    "request_id",
    "return_token_ids",
    "return_tokens_as_token_ids",
    "seed",
    "temperature"
  ]
}
leyline_fields: []
[HTTP CONNECTED #112] status=200 elapsed=7.396s

====================================================================================================
[HTTP START #113]
method: POST
url: http://127.0.0.1:9119/v1/completions
summary: {
  "model": "deepseek-v2-lite",
  "prompt": {
    "type": "token_ids/list",
    "length": 40
  },
  "max_tokens": 64,
  "temperature": 0,
  "request_keys": [
    "add_special_tokens",
    "cache_salt",
    "kv_transfer_params",
    "logprobs",
    "max_tokens",
    "model",
    "prompt",
    "request_id",
    "return_token_ids",
    "return_tokens_as_token_ids",
    "seed",
    "temperature"
  ]
}
leyline_fields: [
  [
    "$.kv_transfer_params.leyline",
    {
      "version": 1,
      "action": "record",
      "session_id": "delete-delta-1-924d9ca0c14b43f3a577d40921add9aa"
    }
  ],
  [
    "$.kv_transfer_params.leyline.action",
    "record"
  ],
  [
    "$.kv_transfer_params.leyline.session_id",
    "delete-delta-1-924d9ca0c14b43f3a577d40921add9aa"
  ]
]
[HTTP CONNECTED #113] status=200 elapsed=7.320s

====================================================================================================
[HTTP START #114]
method: POST
url: http://127.0.0.1:9119/v1/completions
summary: {
  "model": "deepseek-v2-lite",
  "prompt": {
    "type": "token_ids/list",
    "length": 39
  },
  "max_tokens": 64,
  "temperature": 0,
  "request_keys": [
    "add_special_tokens",
    "cache_salt",
    "kv_transfer_params",
    "logprobs",
    "max_tokens",
    "model",
    "prompt",
    "request_id",
    "return_token_ids",
    "return_tokens_as_token_ids",
    "seed",
    "temperature"
  ]
}
leyline_fields: [
  [
    "$.kv_transfer_params.leyline",
    {
      "version": 1,
      "action": "amortize",
      "session_id": "delete-delta-1-924d9ca0c14b43f3a577d40921add9aa",
      "delete": {
        "start": 28,
        "end": 29
      }
    }
  ],
  [
    "$.kv_transfer_params.leyline.action",
    "amortize"
  ],
  [
    "$.kv_transfer_params.leyline.session_id",
    "delete-delta-1-924d9ca0c14b43f3a577d40921add9aa"
  ],
  [
    "$.kv_transfer_params.leyline.delete",
    {
      "start": 28,
      "end": 29
    }
  ]
]
[HTTP CONNECTED #114] status=200 elapsed=7.336s

====================================================================================================
[HTTP START #115]
method: POST
url: http://127.0.0.1:9119/v1/completions
summary: {
  "model": "deepseek-v2-lite",
  "prompt": {
    "type": "token_ids/list",
    "length": 40
  },
  "max_tokens": 64,
  "temperature": 0,
  "request_keys": [
    "add_special_tokens",
    "cache_salt",
    "logprobs",
    "max_tokens",
    "model",
    "prompt",
    "request_id",
    "return_token_ids",
    "return_tokens_as_token_ids",
    "seed",
    "temperature"
  ]
}
leyline_fields: []
[HTTP CONNECTED #115] status=200 elapsed=7.353s

====================================================================================================
[HTTP START #116]
method: POST
url: http://127.0.0.1:9119/v1/completions
summary: {
  "model": "deepseek-v2-lite",
  "prompt": {
    "type": "token_ids/list",
    "length": 39
  },
  "max_tokens": 64,
  "temperature": 0,
  "request_keys": [
    "add_special_tokens",
    "cache_salt",
    "logprobs",
    "max_tokens",
    "model",
    "prompt",
    "request_id",
    "return_token_ids",
    "return_tokens_as_token_ids",
    "seed",
    "temperature"
  ]
}
leyline_fields: []
[HTTP CONNECTED #116] status=200 elapsed=7.348s

====================================================================================================
[HTTP START #117]
method: POST
url: http://127.0.0.1:9119/v1/completions
summary: {
  "model": "deepseek-v2-lite",
  "prompt": {
    "type": "token_ids/list",
    "length": 39
  },
  "max_tokens": 64,
  "temperature": 0,
  "request_keys": [
    "add_special_tokens",
    "cache_salt",
    "logprobs",
    "max_tokens",
    "model",
    "prompt",
    "request_id",
    "return_token_ids",
    "return_tokens_as_token_ids",
    "seed",
    "temperature"
  ]
}
leyline_fields: []
[HTTP CONNECTED #117] status=200 elapsed=7.295s

====================================================================================================
[HTTP START #118]
method: POST
url: http://127.0.0.1:9119/v1/completions
summary: {
  "model": "deepseek-v2-lite",
  "prompt": {
    "type": "token_ids/list",
    "length": 39
  },
  "max_tokens": 64,
  "temperature": 0,
  "request_keys": [
    "add_special_tokens",
    "cache_salt",
    "logprobs",
    "max_tokens",
    "model",
    "prompt",
    "request_id",
    "return_token_ids",
    "return_tokens_as_token_ids",
    "seed",
    "temperature"
  ]
}
leyline_fields: []
[HTTP CONNECTED #118] status=200 elapsed=7.364s

====================================================================================================
[HTTP START #119]
method: POST
url: http://127.0.0.1:9119/v1/completions
summary: {
  "model": "deepseek-v2-lite",
  "prompt": {
    "type": "token_ids/list",
    "length": 40
  },
  "max_tokens": 64,
  "temperature": 0,
  "request_keys": [
    "add_special_tokens",
    "cache_salt",
    "kv_transfer_params",
    "logprobs",
    "max_tokens",
    "model",
    "prompt",
    "request_id",
    "return_token_ids",
    "return_tokens_as_token_ids",
    "seed",
    "temperature"
  ]
}
leyline_fields: [
  [
    "$.kv_transfer_params.leyline",
    {
      "version": 1,
      "action": "record",
      "session_id": "delete-delta-1-fce92282f4e14d7bbffb066eadf97e5f"
    }
  ],
  [
    "$.kv_transfer_params.leyline.action",
    "record"
  ],
  [
    "$.kv_transfer_params.leyline.session_id",
    "delete-delta-1-fce92282f4e14d7bbffb066eadf97e5f"
  ]
]
[HTTP CONNECTED #119] status=200 elapsed=7.285s

====================================================================================================
[HTTP START #120]
method: POST
url: http://127.0.0.1:9119/v1/completions
summary: {
  "model": "deepseek-v2-lite",
  "prompt": {
    "type": "token_ids/list",
    "length": 39
  },
  "max_tokens": 64,
  "temperature": 0,
  "request_keys": [
    "add_special_tokens",
    "cache_salt",
    "kv_transfer_params",
    "logprobs",
    "max_tokens",
    "model",
    "prompt",
    "request_id",
    "return_token_ids",
    "return_tokens_as_token_ids",
    "seed",
    "temperature"
  ]
}
leyline_fields: [
  [
    "$.kv_transfer_params.leyline",
    {
      "version": 1,
      "action": "amortize",
      "session_id": "delete-delta-1-fce92282f4e14d7bbffb066eadf97e5f",
      "delete": {
        "start": 28,
        "end": 29
      }
    }
  ],
  [
    "$.kv_transfer_params.leyline.action",
    "amortize"
  ],
  [
    "$.kv_transfer_params.leyline.session_id",
    "delete-delta-1-fce92282f4e14d7bbffb066eadf97e5f"
  ],
  [
    "$.kv_transfer_params.leyline.delete",
    {
      "start": 28,
      "end": 29
    }
  ]
]
[HTTP CONNECTED #120] status=200 elapsed=7.370s

====================================================================================================
[HTTP START #121]
method: POST
url: http://127.0.0.1:9119/v1/completions
summary: {
  "model": "deepseek-v2-lite",
  "prompt": {
    "type": "token_ids/list",
    "length": 40
  },
  "max_tokens": 64,
  "temperature": 0,
  "request_keys": [
    "add_special_tokens",
    "cache_salt",
    "logprobs",
    "max_tokens",
    "model",
    "prompt",
    "request_id",
    "return_token_ids",
    "return_tokens_as_token_ids",
    "seed",
    "temperature"
  ]
}
leyline_fields: []
[HTTP CONNECTED #121] status=200 elapsed=7.356s

====================================================================================================
[HTTP START #122]
method: POST
url: http://127.0.0.1:9119/v1/completions
summary: {
  "model": "deepseek-v2-lite",
  "prompt": {
    "type": "token_ids/list",
    "length": 39
  },
  "max_tokens": 64,
  "temperature": 0,
  "request_keys": [
    "add_special_tokens",
    "cache_salt",
    "logprobs",
    "max_tokens",
    "model",
    "prompt",
    "request_id",
    "return_token_ids",
    "return_tokens_as_token_ids",
    "seed",
    "temperature"
  ]
}
leyline_fields: []
[HTTP CONNECTED #122] status=200 elapsed=7.482s

====================================================================================================
[HTTP START #123]
method: POST
url: http://127.0.0.1:9119/v1/completions
summary: {
  "model": "deepseek-v2-lite",
  "prompt": {
    "type": "token_ids/list",
    "length": 39
  },
  "max_tokens": 64,
  "temperature": 0,
  "request_keys": [
    "add_special_tokens",
    "cache_salt",
    "logprobs",
    "max_tokens",
    "model",
    "prompt",
    "request_id",
    "return_token_ids",
    "return_tokens_as_token_ids",
    "seed",
    "temperature"
  ]
}
leyline_fields: []
[HTTP CONNECTED #123] status=200 elapsed=7.390s

====================================================================================================
[HTTP START #124]
method: POST
url: http://127.0.0.1:9119/v1/completions
summary: {
  "model": "deepseek-v2-lite",
  "prompt": {
    "type": "token_ids/list",
    "length": 39
  },
  "max_tokens": 64,
  "temperature": 0,
  "request_keys": [
    "add_special_tokens",
    "cache_salt",
    "logprobs",
    "max_tokens",
    "model",
    "prompt",
    "request_id",
    "return_token_ids",
    "return_tokens_as_token_ids",
    "seed",
    "temperature"
  ]
}
leyline_fields: []
[HTTP CONNECTED #124] status=200 elapsed=7.393s

====================================================================================================
[HTTP START #125]
method: POST
url: http://127.0.0.1:9119/v1/completions
summary: {
  "model": "deepseek-v2-lite",
  "prompt": {
    "type": "token_ids/list",
    "length": 40
  },
  "max_tokens": 64,
  "temperature": 0,
  "request_keys": [
    "add_special_tokens",
    "cache_salt",
    "kv_transfer_params",
    "logprobs",
    "max_tokens",
    "model",
    "prompt",
    "request_id",
    "return_token_ids",
    "return_tokens_as_token_ids",
    "seed",
    "temperature"
  ]
}
leyline_fields: [
  [
    "$.kv_transfer_params.leyline",
    {
      "version": 1,
      "action": "record",
      "session_id": "delete-delta-1-b3478065a4b74c9485be4f57648d41b8"
    }
  ],
  [
    "$.kv_transfer_params.leyline.action",
    "record"
  ],
  [
    "$.kv_transfer_params.leyline.session_id",
    "delete-delta-1-b3478065a4b74c9485be4f57648d41b8"
  ]
]
[HTTP CONNECTED #125] status=200 elapsed=7.412s

====================================================================================================
[HTTP START #126]
method: POST
url: http://127.0.0.1:9119/v1/completions
summary: {
  "model": "deepseek-v2-lite",
  "prompt": {
    "type": "token_ids/list",
    "length": 39
  },
  "max_tokens": 64,
  "temperature": 0,
  "request_keys": [
    "add_special_tokens",
    "cache_salt",
    "kv_transfer_params",
    "logprobs",
    "max_tokens",
    "model",
    "prompt",
    "request_id",
    "return_token_ids",
    "return_tokens_as_token_ids",
    "seed",
    "temperature"
  ]
}
leyline_fields: [
  [
    "$.kv_transfer_params.leyline",
    {
      "version": 1,
      "action": "amortize",
      "session_id": "delete-delta-1-b3478065a4b74c9485be4f57648d41b8",
      "delete": {
        "start": 28,
        "end": 29
      }
    }
  ],
  [
    "$.kv_transfer_params.leyline.action",
    "amortize"
  ],
  [
    "$.kv_transfer_params.leyline.session_id",
    "delete-delta-1-b3478065a4b74c9485be4f57648d41b8"
  ],
  [
    "$.kv_transfer_params.leyline.delete",
    {
      "start": 28,
      "end": 29
    }
  ]
]
[HTTP CONNECTED #126] status=200 elapsed=7.392s

====================================================================================================
[HTTP START #127]
method: POST
url: http://127.0.0.1:9119/v1/completions
summary: {
  "model": "deepseek-v2-lite",
  "prompt": {
    "type": "token_ids/list",
    "length": 166
  },
  "max_tokens": 64,
  "temperature": 0,
  "request_keys": [
    "add_special_tokens",
    "cache_salt",
    "logprobs",
    "max_tokens",
    "model",
    "prompt",
    "request_id",
    "return_token_ids",
    "return_tokens_as_token_ids",
    "seed",
    "temperature"
  ]
}
leyline_fields: []
[HTTP CONNECTED #127] status=200 elapsed=7.438s

====================================================================================================
[HTTP START #128]
method: POST
url: http://127.0.0.1:9119/v1/completions
summary: {
  "model": "deepseek-v2-lite",
  "prompt": {
    "type": "token_ids/list",
    "length": 39
  },
  "max_tokens": 64,
  "temperature": 0,
  "request_keys": [
    "add_special_tokens",
    "cache_salt",
    "logprobs",
    "max_tokens",
    "model",
    "prompt",
    "request_id",
    "return_token_ids",
    "return_tokens_as_token_ids",
    "seed",
    "temperature"
  ]
}
leyline_fields: []
[HTTP CONNECTED #128] status=200 elapsed=7.320s

====================================================================================================
[HTTP START #129]
method: POST
url: http://127.0.0.1:9119/v1/completions
summary: {
  "model": "deepseek-v2-lite",
  "prompt": {
    "type": "token_ids/list",
    "length": 39
  },
  "max_tokens": 64,
  "temperature": 0,
  "request_keys": [
    "add_special_tokens",
    "cache_salt",
    "logprobs",
    "max_tokens",
    "model",
    "prompt",
    "request_id",
    "return_token_ids",
    "return_tokens_as_token_ids",
    "seed",
    "temperature"
  ]
}
leyline_fields: []
[HTTP CONNECTED #129] status=200 elapsed=7.364s

====================================================================================================
[HTTP START #130]
method: POST
url: http://127.0.0.1:9119/v1/completions
summary: {
  "model": "deepseek-v2-lite",
  "prompt": {
    "type": "token_ids/list",
    "length": 39
  },
  "max_tokens": 64,
  "temperature": 0,
  "request_keys": [
    "add_special_tokens",
    "cache_salt",
    "logprobs",
    "max_tokens",
    "model",
    "prompt",
    "request_id",
    "return_token_ids",
    "return_tokens_as_token_ids",
    "seed",
    "temperature"
  ]
}
leyline_fields: []
[HTTP CONNECTED #130] status=200 elapsed=7.384s

====================================================================================================
[HTTP START #131]
method: POST
url: http://127.0.0.1:9119/v1/completions
summary: {
  "model": "deepseek-v2-lite",
  "prompt": {
    "type": "token_ids/list",
    "length": 166
  },
  "max_tokens": 64,
  "temperature": 0,
  "request_keys": [
    "add_special_tokens",
    "cache_salt",
    "kv_transfer_params",
    "logprobs",
    "max_tokens",
    "model",
    "prompt",
    "request_id",
    "return_token_ids",
    "return_tokens_as_token_ids",
    "seed",
    "temperature"
  ]
}
leyline_fields: [
  [
    "$.kv_transfer_params.leyline",
    {
      "version": 1,
      "action": "record",
      "session_id": "delete-delta-127-d8d32121ba3140a9bf7eac826ad355fe"
    }
  ],
  [
    "$.kv_transfer_params.leyline.action",
    "record"
  ],
  [
    "$.kv_transfer_params.leyline.session_id",
    "delete-delta-127-d8d32121ba3140a9bf7eac826ad355fe"
  ]
]
[HTTP CONNECTED #131] status=200 elapsed=7.317s

====================================================================================================
[HTTP START #132]
method: POST
url: http://127.0.0.1:9119/v1/completions
summary: {
  "model": "deepseek-v2-lite",
  "prompt": {
    "type": "token_ids/list",
    "length": 39
  },
  "max_tokens": 64,
  "temperature": 0,
  "request_keys": [
    "add_special_tokens",
    "cache_salt",
    "kv_transfer_params",
    "logprobs",
    "max_tokens",
    "model",
    "prompt",
    "request_id",
    "return_token_ids",
    "return_tokens_as_token_ids",
    "seed",
    "temperature"
  ]
}
leyline_fields: [
  [
    "$.kv_transfer_params.leyline",
    {
      "version": 1,
      "action": "amortize",
      "session_id": "delete-delta-127-d8d32121ba3140a9bf7eac826ad355fe",
      "delete": {
        "start": 28,
        "end": 155
      }
    }
  ],
  [
    "$.kv_transfer_params.leyline.action",
    "amortize"
  ],
  [
    "$.kv_transfer_params.leyline.session_id",
    "delete-delta-127-d8d32121ba3140a9bf7eac826ad355fe"
  ],
  [
    "$.kv_transfer_params.leyline.delete",
    {
      "start": 28,
      "end": 155
    }
  ]
]
[HTTP CONNECTED #132] status=200 elapsed=7.293s

====================================================================================================
[HTTP START #133]
method: POST
url: http://127.0.0.1:9119/v1/completions
summary: {
  "model": "deepseek-v2-lite",
  "prompt": {
    "type": "token_ids/list",
    "length": 166
  },
  "max_tokens": 64,
  "temperature": 0,
  "request_keys": [
    "add_special_tokens",
    "cache_salt",
    "logprobs",
    "max_tokens",
    "model",
    "prompt",
    "request_id",
    "return_token_ids",
    "return_tokens_as_token_ids",
    "seed",
    "temperature"
  ]
}
leyline_fields: []
[HTTP CONNECTED #133] status=200 elapsed=7.309s

====================================================================================================
[HTTP START #134]
method: POST
url: http://127.0.0.1:9119/v1/completions
summary: {
  "model": "deepseek-v2-lite",
  "prompt": {
    "type": "token_ids/list",
    "length": 39
  },
  "max_tokens": 64,
  "temperature": 0,
  "request_keys": [
    "add_special_tokens",
    "cache_salt",
    "logprobs",
    "max_tokens",
    "model",
    "prompt",
    "request_id",
    "return_token_ids",
    "return_tokens_as_token_ids",
    "seed",
    "temperature"
  ]
}
leyline_fields: []
[HTTP CONNECTED #134] status=200 elapsed=7.265s

====================================================================================================
[HTTP START #135]
method: POST
url: http://127.0.0.1:9119/v1/completions
summary: {
  "model": "deepseek-v2-lite",
  "prompt": {
    "type": "token_ids/list",
    "length": 39
  },
  "max_tokens": 64,
  "temperature": 0,
  "request_keys": [
    "add_special_tokens",
    "cache_salt",
    "logprobs",
    "max_tokens",
    "model",
    "prompt",
    "request_id",
    "return_token_ids",
    "return_tokens_as_token_ids",
    "seed",
    "temperature"
  ]
}
leyline_fields: []
[HTTP CONNECTED #135] status=200 elapsed=7.491s

====================================================================================================
[HTTP START #136]
method: POST
url: http://127.0.0.1:9119/v1/completions
summary: {
  "model": "deepseek-v2-lite",
  "prompt": {
    "type": "token_ids/list",
    "length": 39
  },
  "max_tokens": 64,
  "temperature": 0,
  "request_keys": [
    "add_special_tokens",
    "cache_salt",
    "logprobs",
    "max_tokens",
    "model",
    "prompt",
    "request_id",
    "return_token_ids",
    "return_tokens_as_token_ids",
    "seed",
    "temperature"
  ]
}
leyline_fields: []
[HTTP CONNECTED #136] status=200 elapsed=7.353s

====================================================================================================
[HTTP START #137]
method: POST
url: http://127.0.0.1:9119/v1/completions
summary: {
  "model": "deepseek-v2-lite",
  "prompt": {
    "type": "token_ids/list",
    "length": 166
  },
  "max_tokens": 64,
  "temperature": 0,
  "request_keys": [
    "add_special_tokens",
    "cache_salt",
    "kv_transfer_params",
    "logprobs",
    "max_tokens",
    "model",
    "prompt",
    "request_id",
    "return_token_ids",
    "return_tokens_as_token_ids",
    "seed",
    "temperature"
  ]
}
leyline_fields: [
  [
    "$.kv_transfer_params.leyline",
    {
      "version": 1,
      "action": "record",
      "session_id": "delete-delta-127-40b05abc08ac4e0697c206910ac26b7b"
    }
  ],
  [
    "$.kv_transfer_params.leyline.action",
    "record"
  ],
  [
    "$.kv_transfer_params.leyline.session_id",
    "delete-delta-127-40b05abc08ac4e0697c206910ac26b7b"
  ]
]
[HTTP CONNECTED #137] status=200 elapsed=7.324s

====================================================================================================
[HTTP START #138]
method: POST
url: http://127.0.0.1:9119/v1/completions
summary: {
  "model": "deepseek-v2-lite",
  "prompt": {
    "type": "token_ids/list",
    "length": 39
  },
  "max_tokens": 64,
  "temperature": 0,
  "request_keys": [
    "add_special_tokens",
    "cache_salt",
    "kv_transfer_params",
    "logprobs",
    "max_tokens",
    "model",
    "prompt",
    "request_id",
    "return_token_ids",
    "return_tokens_as_token_ids",
    "seed",
    "temperature"
  ]
}
leyline_fields: [
  [
    "$.kv_transfer_params.leyline",
    {
      "version": 1,
      "action": "amortize",
      "session_id": "delete-delta-127-40b05abc08ac4e0697c206910ac26b7b",
      "delete": {
        "start": 28,
        "end": 155
      }
    }
  ],
  [
    "$.kv_transfer_params.leyline.action",
    "amortize"
  ],
  [
    "$.kv_transfer_params.leyline.session_id",
    "delete-delta-127-40b05abc08ac4e0697c206910ac26b7b"
  ],
  [
    "$.kv_transfer_params.leyline.delete",
    {
      "start": 28,
      "end": 155
    }
  ]
]
[HTTP CONNECTED #138] status=200 elapsed=7.357s

====================================================================================================
[HTTP START #139]
method: POST
url: http://127.0.0.1:9119/v1/completions
summary: {
  "model": "deepseek-v2-lite",
  "prompt": {
    "type": "token_ids/list",
    "length": 166
  },
  "max_tokens": 64,
  "temperature": 0,
  "request_keys": [
    "add_special_tokens",
    "cache_salt",
    "logprobs",
    "max_tokens",
    "model",
    "prompt",
    "request_id",
    "return_token_ids",
    "return_tokens_as_token_ids",
    "seed",
    "temperature"
  ]
}
leyline_fields: []
[HTTP CONNECTED #139] status=200 elapsed=7.429s

====================================================================================================
[HTTP START #140]
method: POST
url: http://127.0.0.1:9119/v1/completions
summary: {
  "model": "deepseek-v2-lite",
  "prompt": {
    "type": "token_ids/list",
    "length": 39
  },
  "max_tokens": 64,
  "temperature": 0,
  "request_keys": [
    "add_special_tokens",
    "cache_salt",
    "logprobs",
    "max_tokens",
    "model",
    "prompt",
    "request_id",
    "return_token_ids",
    "return_tokens_as_token_ids",
    "seed",
    "temperature"
  ]
}
leyline_fields: []
[HTTP CONNECTED #140] status=200 elapsed=7.320s

====================================================================================================
[HTTP START #141]
method: POST
url: http://127.0.0.1:9119/v1/completions
summary: {
  "model": "deepseek-v2-lite",
  "prompt": {
    "type": "token_ids/list",
    "length": 39
  },
  "max_tokens": 64,
  "temperature": 0,
  "request_keys": [
    "add_special_tokens",
    "cache_salt",
    "logprobs",
    "max_tokens",
    "model",
    "prompt",
    "request_id",
    "return_token_ids",
    "return_tokens_as_token_ids",
    "seed",
    "temperature"
  ]
}
leyline_fields: []
[HTTP CONNECTED #141] status=200 elapsed=7.281s

====================================================================================================
[HTTP START #142]
method: POST
url: http://127.0.0.1:9119/v1/completions
summary: {
  "model": "deepseek-v2-lite",
  "prompt": {
    "type": "token_ids/list",
    "length": 39
  },
  "max_tokens": 64,
  "temperature": 0,
  "request_keys": [
    "add_special_tokens",
    "cache_salt",
    "logprobs",
    "max_tokens",
    "model",
    "prompt",
    "request_id",
    "return_token_ids",
    "return_tokens_as_token_ids",
    "seed",
    "temperature"
  ]
}
leyline_fields: []
[HTTP CONNECTED #142] status=200 elapsed=7.329s

====================================================================================================
[HTTP START #143]
method: POST
url: http://127.0.0.1:9119/v1/completions
summary: {
  "model": "deepseek-v2-lite",
  "prompt": {
    "type": "token_ids/list",
    "length": 166
  },
  "max_tokens": 64,
  "temperature": 0,
  "request_keys": [
    "add_special_tokens",
    "cache_salt",
    "kv_transfer_params",
    "logprobs",
    "max_tokens",
    "model",
    "prompt",
    "request_id",
    "return_token_ids",
    "return_tokens_as_token_ids",
    "seed",
    "temperature"
  ]
}
leyline_fields: [
  [
    "$.kv_transfer_params.leyline",
    {
      "version": 1,
      "action": "record",
      "session_id": "delete-delta-127-05e882ded2db40b398545d177cb7aae3"
    }
  ],
  [
    "$.kv_transfer_params.leyline.action",
    "record"
  ],
  [
    "$.kv_transfer_params.leyline.session_id",
    "delete-delta-127-05e882ded2db40b398545d177cb7aae3"
  ]
]
[HTTP CONNECTED #143] status=200 elapsed=7.391s

====================================================================================================
[HTTP START #144]
method: POST
url: http://127.0.0.1:9119/v1/completions
summary: {
  "model": "deepseek-v2-lite",
  "prompt": {
    "type": "token_ids/list",
    "length": 39
  },
  "max_tokens": 64,
  "temperature": 0,
  "request_keys": [
    "add_special_tokens",
    "cache_salt",
    "kv_transfer_params",
    "logprobs",
    "max_tokens",
    "model",
    "prompt",
    "request_id",
    "return_token_ids",
    "return_tokens_as_token_ids",
    "seed",
    "temperature"
  ]
}
leyline_fields: [
  [
    "$.kv_transfer_params.leyline",
    {
      "version": 1,
      "action": "amortize",
      "session_id": "delete-delta-127-05e882ded2db40b398545d177cb7aae3",
      "delete": {
        "start": 28,
        "end": 155
      }
    }
  ],
  [
    "$.kv_transfer_params.leyline.action",
    "amortize"
  ],
  [
    "$.kv_transfer_params.leyline.session_id",
    "delete-delta-127-05e882ded2db40b398545d177cb7aae3"
  ],
  [
    "$.kv_transfer_params.leyline.delete",
    {
      "start": 28,
      "end": 155
    }
  ]
]
[HTTP CONNECTED #144] status=200 elapsed=7.421s

====================================================================================================
[HTTP START #145]
method: POST
url: http://127.0.0.1:9119/v1/completions
summary: {
  "model": "deepseek-v2-lite",
  "prompt": {
    "type": "token_ids/list",
    "length": 167
  },
  "max_tokens": 64,
  "temperature": 0,
  "request_keys": [
    "add_special_tokens",
    "cache_salt",
    "logprobs",
    "max_tokens",
    "model",
    "prompt",
    "request_id",
    "return_token_ids",
    "return_tokens_as_token_ids",
    "seed",
    "temperature"
  ]
}
leyline_fields: []
[HTTP CONNECTED #145] status=200 elapsed=7.388s

====================================================================================================
[HTTP START #146]
method: POST
url: http://127.0.0.1:9119/v1/completions
summary: {
  "model": "deepseek-v2-lite",
  "prompt": {
    "type": "token_ids/list",
    "length": 39
  },
  "max_tokens": 64,
  "temperature": 0,
  "request_keys": [
    "add_special_tokens",
    "cache_salt",
    "logprobs",
    "max_tokens",
    "model",
    "prompt",
    "request_id",
    "return_token_ids",
    "return_tokens_as_token_ids",
    "seed",
    "temperature"
  ]
}
leyline_fields: []
[HTTP CONNECTED #146] status=200 elapsed=7.440s

====================================================================================================
[HTTP START #147]
method: POST
url: http://127.0.0.1:9119/v1/completions
summary: {
  "model": "deepseek-v2-lite",
  "prompt": {
    "type": "token_ids/list",
    "length": 39
  },
  "max_tokens": 64,
  "temperature": 0,
  "request_keys": [
    "add_special_tokens",
    "cache_salt",
    "logprobs",
    "max_tokens",
    "model",
    "prompt",
    "request_id",
    "return_token_ids",
    "return_tokens_as_token_ids",
    "seed",
    "temperature"
  ]
}
leyline_fields: []
[HTTP CONNECTED #147] status=200 elapsed=7.407s

====================================================================================================
[HTTP START #148]
method: POST
url: http://127.0.0.1:9119/v1/completions
summary: {
  "model": "deepseek-v2-lite",
  "prompt": {
    "type": "token_ids/list",
    "length": 39
  },
  "max_tokens": 64,
  "temperature": 0,
  "request_keys": [
    "add_special_tokens",
    "cache_salt",
    "logprobs",
    "max_tokens",
    "model",
    "prompt",
    "request_id",
    "return_token_ids",
    "return_tokens_as_token_ids",
    "seed",
    "temperature"
  ]
}
leyline_fields: []
[HTTP CONNECTED #148] status=200 elapsed=7.373s

====================================================================================================
[HTTP START #149]
method: POST
url: http://127.0.0.1:9119/v1/completions
summary: {
  "model": "deepseek-v2-lite",
  "prompt": {
    "type": "token_ids/list",
    "length": 167
  },
  "max_tokens": 64,
  "temperature": 0,
  "request_keys": [
    "add_special_tokens",
    "cache_salt",
    "kv_transfer_params",
    "logprobs",
    "max_tokens",
    "model",
    "prompt",
    "request_id",
    "return_token_ids",
    "return_tokens_as_token_ids",
    "seed",
    "temperature"
  ]
}
leyline_fields: [
  [
    "$.kv_transfer_params.leyline",
    {
      "version": 1,
      "action": "record",
      "session_id": "delete-delta-128-b7cfb01e83774d4081ac91731c780200"
    }
  ],
  [
    "$.kv_transfer_params.leyline.action",
    "record"
  ],
  [
    "$.kv_transfer_params.leyline.session_id",
    "delete-delta-128-b7cfb01e83774d4081ac91731c780200"
  ]
]
[HTTP CONNECTED #149] status=200 elapsed=7.330s

====================================================================================================
[HTTP START #150]
method: POST
url: http://127.0.0.1:9119/v1/completions
summary: {
  "model": "deepseek-v2-lite",
  "prompt": {
    "type": "token_ids/list",
    "length": 39
  },
  "max_tokens": 64,
  "temperature": 0,
  "request_keys": [
    "add_special_tokens",
    "cache_salt",
    "kv_transfer_params",
    "logprobs",
    "max_tokens",
    "model",
    "prompt",
    "request_id",
    "return_token_ids",
    "return_tokens_as_token_ids",
    "seed",
    "temperature"
  ]
}
leyline_fields: [
  [
    "$.kv_transfer_params.leyline",
    {
      "version": 1,
      "action": "amortize",
      "session_id": "delete-delta-128-b7cfb01e83774d4081ac91731c780200",
      "delete": {
        "start": 28,
        "end": 156
      }
    }
  ],
  [
    "$.kv_transfer_params.leyline.action",
    "amortize"
  ],
  [
    "$.kv_transfer_params.leyline.session_id",
    "delete-delta-128-b7cfb01e83774d4081ac91731c780200"
  ],
  [
    "$.kv_transfer_params.leyline.delete",
    {
      "start": 28,
      "end": 156
    }
  ]
]
[HTTP CONNECTED #150] status=200 elapsed=7.341s

====================================================================================================
[HTTP START #151]
method: POST
url: http://127.0.0.1:9119/v1/completions
summary: {
  "model": "deepseek-v2-lite",
  "prompt": {
    "type": "token_ids/list",
    "length": 167
  },
  "max_tokens": 64,
  "temperature": 0,
  "request_keys": [
    "add_special_tokens",
    "cache_salt",
    "logprobs",
    "max_tokens",
    "model",
    "prompt",
    "request_id",
    "return_token_ids",
    "return_tokens_as_token_ids",
    "seed",
    "temperature"
  ]
}
leyline_fields: []
[HTTP CONNECTED #151] status=200 elapsed=7.367s

====================================================================================================
[HTTP START #152]
method: POST
url: http://127.0.0.1:9119/v1/completions
summary: {
  "model": "deepseek-v2-lite",
  "prompt": {
    "type": "token_ids/list",
    "length": 39
  },
  "max_tokens": 64,
  "temperature": 0,
  "request_keys": [
    "add_special_tokens",
    "cache_salt",
    "logprobs",
    "max_tokens",
    "model",
    "prompt",
    "request_id",
    "return_token_ids",
    "return_tokens_as_token_ids",
    "seed",
    "temperature"
  ]
}
leyline_fields: []
[HTTP CONNECTED #152] status=200 elapsed=7.361s

====================================================================================================
[HTTP START #153]
method: POST
url: http://127.0.0.1:9119/v1/completions
summary: {
  "model": "deepseek-v2-lite",
  "prompt": {
    "type": "token_ids/list",
    "length": 39
  },
  "max_tokens": 64,
  "temperature": 0,
  "request_keys": [
    "add_special_tokens",
    "cache_salt",
    "logprobs",
    "max_tokens",
    "model",
    "prompt",
    "request_id",
    "return_token_ids",
    "return_tokens_as_token_ids",
    "seed",
    "temperature"
  ]
}
leyline_fields: []
[HTTP CONNECTED #153] status=200 elapsed=7.392s

====================================================================================================
[HTTP START #154]
method: POST
url: http://127.0.0.1:9119/v1/completions
summary: {
  "model": "deepseek-v2-lite",
  "prompt": {
    "type": "token_ids/list",
    "length": 39
  },
  "max_tokens": 64,
  "temperature": 0,
  "request_keys": [
    "add_special_tokens",
    "cache_salt",
    "logprobs",
    "max_tokens",
    "model",
    "prompt",
    "request_id",
    "return_token_ids",
    "return_tokens_as_token_ids",
    "seed",
    "temperature"
  ]
}
leyline_fields: []
[HTTP CONNECTED #154] status=200 elapsed=7.318s

====================================================================================================
[HTTP START #155]
method: POST
url: http://127.0.0.1:9119/v1/completions
summary: {
  "model": "deepseek-v2-lite",
  "prompt": {
    "type": "token_ids/list",
    "length": 167
  },
  "max_tokens": 64,
  "temperature": 0,
  "request_keys": [
    "add_special_tokens",
    "cache_salt",
    "kv_transfer_params",
    "logprobs",
    "max_tokens",
    "model",
    "prompt",
    "request_id",
    "return_token_ids",
    "return_tokens_as_token_ids",
    "seed",
    "temperature"
  ]
}
leyline_fields: [
  [
    "$.kv_transfer_params.leyline",
    {
      "version": 1,
      "action": "record",
      "session_id": "delete-delta-128-c4d29718e9784926929c37f3905c6f17"
    }
  ],
  [
    "$.kv_transfer_params.leyline.action",
    "record"
  ],
  [
    "$.kv_transfer_params.leyline.session_id",
    "delete-delta-128-c4d29718e9784926929c37f3905c6f17"
  ]
]
[HTTP CONNECTED #155] status=200 elapsed=7.388s

====================================================================================================
[HTTP START #156]
method: POST
url: http://127.0.0.1:9119/v1/completions
summary: {
  "model": "deepseek-v2-lite",
  "prompt": {
    "type": "token_ids/list",
    "length": 39
  },
  "max_tokens": 64,
  "temperature": 0,
  "request_keys": [
    "add_special_tokens",
    "cache_salt",
    "kv_transfer_params",
    "logprobs",
    "max_tokens",
    "model",
    "prompt",
    "request_id",
    "return_token_ids",
    "return_tokens_as_token_ids",
    "seed",
    "temperature"
  ]
}
leyline_fields: [
  [
    "$.kv_transfer_params.leyline",
    {
      "version": 1,
      "action": "amortize",
      "session_id": "delete-delta-128-c4d29718e9784926929c37f3905c6f17",
      "delete": {
        "start": 28,
        "end": 156
      }
    }
  ],
  [
    "$.kv_transfer_params.leyline.action",
    "amortize"
  ],
  [
    "$.kv_transfer_params.leyline.session_id",
    "delete-delta-128-c4d29718e9784926929c37f3905c6f17"
  ],
  [
    "$.kv_transfer_params.leyline.delete",
    {
      "start": 28,
      "end": 156
    }
  ]
]
[HTTP CONNECTED #156] status=200 elapsed=7.381s

====================================================================================================
[HTTP START #157]
method: POST
url: http://127.0.0.1:9119/v1/completions
summary: {
  "model": "deepseek-v2-lite",
  "prompt": {
    "type": "token_ids/list",
    "length": 167
  },
  "max_tokens": 64,
  "temperature": 0,
  "request_keys": [
    "add_special_tokens",
    "cache_salt",
    "logprobs",
    "max_tokens",
    "model",
    "prompt",
    "request_id",
    "return_token_ids",
    "return_tokens_as_token_ids",
    "seed",
    "temperature"
  ]
}
leyline_fields: []
[HTTP CONNECTED #157] status=200 elapsed=7.433s

====================================================================================================
[HTTP START #158]
method: POST
url: http://127.0.0.1:9119/v1/completions
summary: {
  "model": "deepseek-v2-lite",
  "prompt": {
    "type": "token_ids/list",
    "length": 39
  },
  "max_tokens": 64,
  "temperature": 0,
  "request_keys": [
    "add_special_tokens",
    "cache_salt",
    "logprobs",
    "max_tokens",
    "model",
    "prompt",
    "request_id",
    "return_token_ids",
    "return_tokens_as_token_ids",
    "seed",
    "temperature"
  ]
}
leyline_fields: []
[HTTP CONNECTED #158] status=200 elapsed=7.428s

====================================================================================================
[HTTP START #159]
method: POST
url: http://127.0.0.1:9119/v1/completions
summary: {
  "model": "deepseek-v2-lite",
  "prompt": {
    "type": "token_ids/list",
    "length": 39
  },
  "max_tokens": 64,
  "temperature": 0,
  "request_keys": [
    "add_special_tokens",
    "cache_salt",
    "logprobs",
    "max_tokens",
    "model",
    "prompt",
    "request_id",
    "return_token_ids",
    "return_tokens_as_token_ids",
    "seed",
    "temperature"
  ]
}
leyline_fields: []
[HTTP CONNECTED #159] status=200 elapsed=7.479s

====================================================================================================
[HTTP START #160]
method: POST
url: http://127.0.0.1:9119/v1/completions
summary: {
  "model": "deepseek-v2-lite",
  "prompt": {
    "type": "token_ids/list",
    "length": 39
  },
  "max_tokens": 64,
  "temperature": 0,
  "request_keys": [
    "add_special_tokens",
    "cache_salt",
    "logprobs",
    "max_tokens",
    "model",
    "prompt",
    "request_id",
    "return_token_ids",
    "return_tokens_as_token_ids",
    "seed",
    "temperature"
  ]
}
leyline_fields: []
[HTTP CONNECTED #160] status=200 elapsed=7.516s

====================================================================================================
[HTTP START #161]
method: POST
url: http://127.0.0.1:9119/v1/completions
summary: {
  "model": "deepseek-v2-lite",
  "prompt": {
    "type": "token_ids/list",
    "length": 167
  },
  "max_tokens": 64,
  "temperature": 0,
  "request_keys": [
    "add_special_tokens",
    "cache_salt",
    "kv_transfer_params",
    "logprobs",
    "max_tokens",
    "model",
    "prompt",
    "request_id",
    "return_token_ids",
    "return_tokens_as_token_ids",
    "seed",
    "temperature"
  ]
}
leyline_fields: [
  [
    "$.kv_transfer_params.leyline",
    {
      "version": 1,
      "action": "record",
      "session_id": "delete-delta-128-ff115ae5656c4f55b5d40b76ef6f7d62"
    }
  ],
  [
    "$.kv_transfer_params.leyline.action",
    "record"
  ],
  [
    "$.kv_transfer_params.leyline.session_id",
    "delete-delta-128-ff115ae5656c4f55b5d40b76ef6f7d62"
  ]
]
[HTTP CONNECTED #161] status=200 elapsed=7.453s

====================================================================================================
[HTTP START #162]
method: POST
url: http://127.0.0.1:9119/v1/completions
summary: {
  "model": "deepseek-v2-lite",
  "prompt": {
    "type": "token_ids/list",
    "length": 39
  },
  "max_tokens": 64,
  "temperature": 0,
  "request_keys": [
    "add_special_tokens",
    "cache_salt",
    "kv_transfer_params",
    "logprobs",
    "max_tokens",
    "model",
    "prompt",
    "request_id",
    "return_token_ids",
    "return_tokens_as_token_ids",
    "seed",
    "temperature"
  ]
}
leyline_fields: [
  [
    "$.kv_transfer_params.leyline",
    {
      "version": 1,
      "action": "amortize",
      "session_id": "delete-delta-128-ff115ae5656c4f55b5d40b76ef6f7d62",
      "delete": {
        "start": 28,
        "end": 156
      }
    }
  ],
  [
    "$.kv_transfer_params.leyline.action",
    "amortize"
  ],
  [
    "$.kv_transfer_params.leyline.session_id",
    "delete-delta-128-ff115ae5656c4f55b5d40b76ef6f7d62"
  ],
  [
    "$.kv_transfer_params.leyline.delete",
    {
      "start": 28,
      "end": 156
    }
  ]
]
[HTTP CONNECTED #162] status=200 elapsed=7.386s

====================================================================================================
[HTTP START #163]
method: POST
url: http://127.0.0.1:9119/v1/completions
summary: {
  "model": "deepseek-v2-lite",
  "prompt": {
    "type": "token_ids/list",
    "length": 168
  },
  "max_tokens": 64,
  "temperature": 0,
  "request_keys": [
    "add_special_tokens",
    "cache_salt",
    "logprobs",
    "max_tokens",
    "model",
    "prompt",
    "request_id",
    "return_token_ids",
    "return_tokens_as_token_ids",
    "seed",
    "temperature"
  ]
}
leyline_fields: []
[HTTP CONNECTED #163] status=200 elapsed=7.322s

====================================================================================================
[HTTP START #164]
method: POST
url: http://127.0.0.1:9119/v1/completions
summary: {
  "model": "deepseek-v2-lite",
  "prompt": {
    "type": "token_ids/list",
    "length": 39
  },
  "max_tokens": 64,
  "temperature": 0,
  "request_keys": [
    "add_special_tokens",
    "cache_salt",
    "logprobs",
    "max_tokens",
    "model",
    "prompt",
    "request_id",
    "return_token_ids",
    "return_tokens_as_token_ids",
    "seed",
    "temperature"
  ]
}
leyline_fields: []
[HTTP CONNECTED #164] status=200 elapsed=7.427s

====================================================================================================
[HTTP START #165]
method: POST
url: http://127.0.0.1:9119/v1/completions
summary: {
  "model": "deepseek-v2-lite",
  "prompt": {
    "type": "token_ids/list",
    "length": 39
  },
  "max_tokens": 64,
  "temperature": 0,
  "request_keys": [
    "add_special_tokens",
    "cache_salt",
    "logprobs",
    "max_tokens",
    "model",
    "prompt",
    "request_id",
    "return_token_ids",
    "return_tokens_as_token_ids",
    "seed",
    "temperature"
  ]
}
leyline_fields: []
[HTTP CONNECTED #165] status=200 elapsed=7.457s

====================================================================================================
[HTTP START #166]
method: POST
url: http://127.0.0.1:9119/v1/completions
summary: {
  "model": "deepseek-v2-lite",
  "prompt": {
    "type": "token_ids/list",
    "length": 39
  },
  "max_tokens": 64,
  "temperature": 0,
  "request_keys": [
    "add_special_tokens",
    "cache_salt",
    "logprobs",
    "max_tokens",
    "model",
    "prompt",
    "request_id",
    "return_token_ids",
    "return_tokens_as_token_ids",
    "seed",
    "temperature"
  ]
}
leyline_fields: []
[HTTP CONNECTED #166] status=200 elapsed=7.492s

====================================================================================================
[HTTP START #167]
method: POST
url: http://127.0.0.1:9119/v1/completions
summary: {
  "model": "deepseek-v2-lite",
  "prompt": {
    "type": "token_ids/list",
    "length": 168
  },
  "max_tokens": 64,
  "temperature": 0,
  "request_keys": [
    "add_special_tokens",
    "cache_salt",
    "kv_transfer_params",
    "logprobs",
    "max_tokens",
    "model",
    "prompt",
    "request_id",
    "return_token_ids",
    "return_tokens_as_token_ids",
    "seed",
    "temperature"
  ]
}
leyline_fields: [
  [
    "$.kv_transfer_params.leyline",
    {
      "version": 1,
      "action": "record",
      "session_id": "delete-delta-129-and-long-9e500c792b41465fba476458dda6ee19"
    }
  ],
  [
    "$.kv_transfer_params.leyline.action",
    "record"
  ],
  [
    "$.kv_transfer_params.leyline.session_id",
    "delete-delta-129-and-long-9e500c792b41465fba476458dda6ee19"
  ]
]
[HTTP CONNECTED #167] status=200 elapsed=7.417s

====================================================================================================
[HTTP START #168]
method: POST
url: http://127.0.0.1:9119/v1/completions
summary: {
  "model": "deepseek-v2-lite",
  "prompt": {
    "type": "token_ids/list",
    "length": 39
  },
  "max_tokens": 64,
  "temperature": 0,
  "request_keys": [
    "add_special_tokens",
    "cache_salt",
    "kv_transfer_params",
    "logprobs",
    "max_tokens",
    "model",
    "prompt",
    "request_id",
    "return_token_ids",
    "return_tokens_as_token_ids",
    "seed",
    "temperature"
  ]
}
leyline_fields: [
  [
    "$.kv_transfer_params.leyline",
    {
      "version": 1,
      "action": "amortize",
      "session_id": "delete-delta-129-and-long-9e500c792b41465fba476458dda6ee19",
      "delete": {
        "start": 28,
        "end": 157
      }
    }
  ],
  [
    "$.kv_transfer_params.leyline.action",
    "amortize"
  ],
  [
    "$.kv_transfer_params.leyline.session_id",
    "delete-delta-129-and-long-9e500c792b41465fba476458dda6ee19"
  ],
  [
    "$.kv_transfer_params.leyline.delete",
    {
      "start": 28,
      "end": 157
    }
  ]
]
[HTTP CONNECTED #168] status=200 elapsed=7.361s

====================================================================================================
[HTTP START #169]
method: POST
url: http://127.0.0.1:9119/v1/completions
summary: {
  "model": "deepseek-v2-lite",
  "prompt": {
    "type": "token_ids/list",
    "length": 168
  },
  "max_tokens": 64,
  "temperature": 0,
  "request_keys": [
    "add_special_tokens",
    "cache_salt",
    "logprobs",
    "max_tokens",
    "model",
    "prompt",
    "request_id",
    "return_token_ids",
    "return_tokens_as_token_ids",
    "seed",
    "temperature"
  ]
}
leyline_fields: []
[HTTP CONNECTED #169] status=200 elapsed=7.336s

====================================================================================================
[HTTP START #170]
method: POST
url: http://127.0.0.1:9119/v1/completions
summary: {
  "model": "deepseek-v2-lite",
  "prompt": {
    "type": "token_ids/list",
    "length": 39
  },
  "max_tokens": 64,
  "temperature": 0,
  "request_keys": [
    "add_special_tokens",
    "cache_salt",
    "logprobs",
    "max_tokens",
    "model",
    "prompt",
    "request_id",
    "return_token_ids",
    "return_tokens_as_token_ids",
    "seed",
    "temperature"
  ]
}
leyline_fields: []
[HTTP CONNECTED #170] status=200 elapsed=7.307s

====================================================================================================
[HTTP START #171]
method: POST
url: http://127.0.0.1:9119/v1/completions
summary: {
  "model": "deepseek-v2-lite",
  "prompt": {
    "type": "token_ids/list",
    "length": 39
  },
  "max_tokens": 64,
  "temperature": 0,
  "request_keys": [
    "add_special_tokens",
    "cache_salt",
    "logprobs",
    "max_tokens",
    "model",
    "prompt",
    "request_id",
    "return_token_ids",
    "return_tokens_as_token_ids",
    "seed",
    "temperature"
  ]
}
leyline_fields: []
[HTTP CONNECTED #171] status=200 elapsed=7.314s

====================================================================================================
[HTTP START #172]
method: POST
url: http://127.0.0.1:9119/v1/completions
summary: {
  "model": "deepseek-v2-lite",
  "prompt": {
    "type": "token_ids/list",
    "length": 39
  },
  "max_tokens": 64,
  "temperature": 0,
  "request_keys": [
    "add_special_tokens",
    "cache_salt",
    "logprobs",
    "max_tokens",
    "model",
    "prompt",
    "request_id",
    "return_token_ids",
    "return_tokens_as_token_ids",
    "seed",
    "temperature"
  ]
}
leyline_fields: []
[HTTP CONNECTED #172] status=200 elapsed=7.358s

====================================================================================================
[HTTP START #173]
method: POST
url: http://127.0.0.1:9119/v1/completions
summary: {
  "model": "deepseek-v2-lite",
  "prompt": {
    "type": "token_ids/list",
    "length": 168
  },
  "max_tokens": 64,
  "temperature": 0,
  "request_keys": [
    "add_special_tokens",
    "cache_salt",
    "kv_transfer_params",
    "logprobs",
    "max_tokens",
    "model",
    "prompt",
    "request_id",
    "return_token_ids",
    "return_tokens_as_token_ids",
    "seed",
    "temperature"
  ]
}
leyline_fields: [
  [
    "$.kv_transfer_params.leyline",
    {
      "version": 1,
      "action": "record",
      "session_id": "delete-delta-129-and-long-0916c6b5ef9e44e8b0b9771ef62b8ac8"
    }
  ],
  [
    "$.kv_transfer_params.leyline.action",
    "record"
  ],
  [
    "$.kv_transfer_params.leyline.session_id",
    "delete-delta-129-and-long-0916c6b5ef9e44e8b0b9771ef62b8ac8"
  ]
]
[HTTP CONNECTED #173] status=200 elapsed=7.413s

====================================================================================================
[HTTP START #174]
method: POST
url: http://127.0.0.1:9119/v1/completions
summary: {
  "model": "deepseek-v2-lite",
  "prompt": {
    "type": "token_ids/list",
    "length": 39
  },
  "max_tokens": 64,
  "temperature": 0,
  "request_keys": [
    "add_special_tokens",
    "cache_salt",
    "kv_transfer_params",
    "logprobs",
    "max_tokens",
    "model",
    "prompt",
    "request_id",
    "return_token_ids",
    "return_tokens_as_token_ids",
    "seed",
    "temperature"
  ]
}
leyline_fields: [
  [
    "$.kv_transfer_params.leyline",
    {
      "version": 1,
      "action": "amortize",
      "session_id": "delete-delta-129-and-long-0916c6b5ef9e44e8b0b9771ef62b8ac8",
      "delete": {
        "start": 28,
        "end": 157
      }
    }
  ],
  [
    "$.kv_transfer_params.leyline.action",
    "amortize"
  ],
  [
    "$.kv_transfer_params.leyline.session_id",
    "delete-delta-129-and-long-0916c6b5ef9e44e8b0b9771ef62b8ac8"
  ],
  [
    "$.kv_transfer_params.leyline.delete",
    {
      "start": 28,
      "end": 157
    }
  ]
]
[HTTP CONNECTED #174] status=200 elapsed=7.386s

====================================================================================================
[HTTP START #175]
method: POST
url: http://127.0.0.1:9119/v1/completions
summary: {
  "model": "deepseek-v2-lite",
  "prompt": {
    "type": "token_ids/list",
    "length": 168
  },
  "max_tokens": 64,
  "temperature": 0,
  "request_keys": [
    "add_special_tokens",
    "cache_salt",
    "logprobs",
    "max_tokens",
    "model",
    "prompt",
    "request_id",
    "return_token_ids",
    "return_tokens_as_token_ids",
    "seed",
    "temperature"
  ]
}
leyline_fields: []
[HTTP CONNECTED #175] status=200 elapsed=7.539s

====================================================================================================
[HTTP START #176]
method: POST
url: http://127.0.0.1:9119/v1/completions
summary: {
  "model": "deepseek-v2-lite",
  "prompt": {
    "type": "token_ids/list",
    "length": 39
  },
  "max_tokens": 64,
  "temperature": 0,
  "request_keys": [
    "add_special_tokens",
    "cache_salt",
    "logprobs",
    "max_tokens",
    "model",
    "prompt",
    "request_id",
    "return_token_ids",
    "return_tokens_as_token_ids",
    "seed",
    "temperature"
  ]
}
leyline_fields: []
[HTTP CONNECTED #176] status=200 elapsed=7.364s

====================================================================================================
[HTTP START #177]
method: POST
url: http://127.0.0.1:9119/v1/completions
summary: {
  "model": "deepseek-v2-lite",
  "prompt": {
    "type": "token_ids/list",
    "length": 39
  },
  "max_tokens": 64,
  "temperature": 0,
  "request_keys": [
    "add_special_tokens",
    "cache_salt",
    "logprobs",
    "max_tokens",
    "model",
    "prompt",
    "request_id",
    "return_token_ids",
    "return_tokens_as_token_ids",
    "seed",
    "temperature"
  ]
}
leyline_fields: []
[HTTP CONNECTED #177] status=200 elapsed=7.323s

====================================================================================================
[HTTP START #178]
method: POST
url: http://127.0.0.1:9119/v1/completions
summary: {
  "model": "deepseek-v2-lite",
  "prompt": {
    "type": "token_ids/list",
    "length": 39
  },
  "max_tokens": 64,
  "temperature": 0,
  "request_keys": [
    "add_special_tokens",
    "cache_salt",
    "logprobs",
    "max_tokens",
    "model",
    "prompt",
    "request_id",
    "return_token_ids",
    "return_tokens_as_token_ids",
    "seed",
    "temperature"
  ]
}
leyline_fields: []
[HTTP CONNECTED #178] status=200 elapsed=7.364s

====================================================================================================
[HTTP START #179]
method: POST
url: http://127.0.0.1:9119/v1/completions
summary: {
  "model": "deepseek-v2-lite",
  "prompt": {
    "type": "token_ids/list",
    "length": 168
  },
  "max_tokens": 64,
  "temperature": 0,
  "request_keys": [
    "add_special_tokens",
    "cache_salt",
    "kv_transfer_params",
    "logprobs",
    "max_tokens",
    "model",
    "prompt",
    "request_id",
    "return_token_ids",
    "return_tokens_as_token_ids",
    "seed",
    "temperature"
  ]
}
leyline_fields: [
  [
    "$.kv_transfer_params.leyline",
    {
      "version": 1,
      "action": "record",
      "session_id": "delete-delta-129-and-long-cf420dbdaad0474b8120205cee32ed0a"
    }
  ],
  [
    "$.kv_transfer_params.leyline.action",
    "record"
  ],
  [
    "$.kv_transfer_params.leyline.session_id",
    "delete-delta-129-and-long-cf420dbdaad0474b8120205cee32ed0a"
  ]
]
[HTTP CONNECTED #179] status=200 elapsed=7.398s

====================================================================================================
[HTTP START #180]
method: POST
url: http://127.0.0.1:9119/v1/completions
summary: {
  "model": "deepseek-v2-lite",
  "prompt": {
    "type": "token_ids/list",
    "length": 39
  },
  "max_tokens": 64,
  "temperature": 0,
  "request_keys": [
    "add_special_tokens",
    "cache_salt",
    "kv_transfer_params",
    "logprobs",
    "max_tokens",
    "model",
    "prompt",
    "request_id",
    "return_token_ids",
    "return_tokens_as_token_ids",
    "seed",
    "temperature"
  ]
}
leyline_fields: [
  [
    "$.kv_transfer_params.leyline",
    {
      "version": 1,
      "action": "amortize",
      "session_id": "delete-delta-129-and-long-cf420dbdaad0474b8120205cee32ed0a",
      "delete": {
        "start": 28,
        "end": 157
      }
    }
  ],
  [
    "$.kv_transfer_params.leyline.action",
    "amortize"
  ],
  [
    "$.kv_transfer_params.leyline.session_id",
    "delete-delta-129-and-long-cf420dbdaad0474b8120205cee32ed0a"
  ],
  [
    "$.kv_transfer_params.leyline.delete",
    {
      "start": 28,
      "end": 157
    }
  ]
]
[HTTP CONNECTED #180] status=200 elapsed=7.433s

====================================================================================================
[HTTP START #181]
method: POST
url: http://127.0.0.1:9119/v1/completions
summary: {
  "model": "deepseek-v2-lite",
  "prompt": {
    "type": "token_ids/list",
    "length": 1063
  },
  "max_tokens": 64,
  "temperature": 0,
  "request_keys": [
    "add_special_tokens",
    "cache_salt",
    "logprobs",
    "max_tokens",
    "model",
    "prompt",
    "request_id",
    "return_token_ids",
    "return_tokens_as_token_ids",
    "seed",
    "temperature"
  ]
}
leyline_fields: []
[HTTP CONNECTED #181] status=200 elapsed=7.503s

====================================================================================================
[HTTP START #182]
method: POST
url: http://127.0.0.1:9119/v1/completions
summary: {
  "model": "deepseek-v2-lite",
  "prompt": {
    "type": "token_ids/list",
    "length": 39
  },
  "max_tokens": 64,
  "temperature": 0,
  "request_keys": [
    "add_special_tokens",
    "cache_salt",
    "logprobs",
    "max_tokens",
    "model",
    "prompt",
    "request_id",
    "return_token_ids",
    "return_tokens_as_token_ids",
    "seed",
    "temperature"
  ]
}
leyline_fields: []
[HTTP CONNECTED #182] status=200 elapsed=7.365s

====================================================================================================
[HTTP START #183]
method: POST
url: http://127.0.0.1:9119/v1/completions
summary: {
  "model": "deepseek-v2-lite",
  "prompt": {
    "type": "token_ids/list",
    "length": 39
  },
  "max_tokens": 64,
  "temperature": 0,
  "request_keys": [
    "add_special_tokens",
    "cache_salt",
    "logprobs",
    "max_tokens",
    "model",
    "prompt",
    "request_id",
    "return_token_ids",
    "return_tokens_as_token_ids",
    "seed",
    "temperature"
  ]
}
leyline_fields: []
[HTTP CONNECTED #183] status=200 elapsed=7.339s

====================================================================================================
[HTTP START #184]
method: POST
url: http://127.0.0.1:9119/v1/completions
summary: {
  "model": "deepseek-v2-lite",
  "prompt": {
    "type": "token_ids/list",
    "length": 39
  },
  "max_tokens": 64,
  "temperature": 0,
  "request_keys": [
    "add_special_tokens",
    "cache_salt",
    "logprobs",
    "max_tokens",
    "model",
    "prompt",
    "request_id",
    "return_token_ids",
    "return_tokens_as_token_ids",
    "seed",
    "temperature"
  ]
}
leyline_fields: []
[HTTP CONNECTED #184] status=200 elapsed=7.682s

====================================================================================================
[HTTP START #185]
method: POST
url: http://127.0.0.1:9119/v1/completions
summary: {
  "model": "deepseek-v2-lite",
  "prompt": {
    "type": "token_ids/list",
    "length": 1063
  },
  "max_tokens": 64,
  "temperature": 0,
  "request_keys": [
    "add_special_tokens",
    "cache_salt",
    "kv_transfer_params",
    "logprobs",
    "max_tokens",
    "model",
    "prompt",
    "request_id",
    "return_token_ids",
    "return_tokens_as_token_ids",
    "seed",
    "temperature"
  ]
}
leyline_fields: [
  [
    "$.kv_transfer_params.leyline",
    {
      "version": 1,
      "action": "record",
      "session_id": "delete-delta-129-and-long-delta-1024-0172bb6dbb2742e28247775acabecd33"
    }
  ],
  [
    "$.kv_transfer_params.leyline.action",
    "record"
  ],
  [
    "$.kv_transfer_params.leyline.session_id",
    "delete-delta-129-and-long-delta-1024-0172bb6dbb2742e28247775acabecd33"
  ]
]
[HTTP CONNECTED #185] status=200 elapsed=7.429s

====================================================================================================
[HTTP START #186]
method: POST
url: http://127.0.0.1:9119/v1/completions
summary: {
  "model": "deepseek-v2-lite",
  "prompt": {
    "type": "token_ids/list",
    "length": 39
  },
  "max_tokens": 64,
  "temperature": 0,
  "request_keys": [
    "add_special_tokens",
    "cache_salt",
    "kv_transfer_params",
    "logprobs",
    "max_tokens",
    "model",
    "prompt",
    "request_id",
    "return_token_ids",
    "return_tokens_as_token_ids",
    "seed",
    "temperature"
  ]
}
leyline_fields: [
  [
    "$.kv_transfer_params.leyline",
    {
      "version": 1,
      "action": "amortize",
      "session_id": "delete-delta-129-and-long-delta-1024-0172bb6dbb2742e28247775acabecd33",
      "delete": {
        "start": 28,
        "end": 1052
      }
    }
  ],
  [
    "$.kv_transfer_params.leyline.action",
    "amortize"
  ],
  [
    "$.kv_transfer_params.leyline.session_id",
    "delete-delta-129-and-long-delta-1024-0172bb6dbb2742e28247775acabecd33"
  ],
  [
    "$.kv_transfer_params.leyline.delete",
    {
      "start": 28,
      "end": 1052
    }
  ]
]
[HTTP CONNECTED #186] status=200 elapsed=7.442s

====================================================================================================
[HTTP START #187]
method: POST
url: http://127.0.0.1:9119/v1/completions
summary: {
  "model": "deepseek-v2-lite",
  "prompt": {
    "type": "token_ids/list",
    "length": 1063
  },
  "max_tokens": 64,
  "temperature": 0,
  "request_keys": [
    "add_special_tokens",
    "cache_salt",
    "logprobs",
    "max_tokens",
    "model",
    "prompt",
    "request_id",
    "return_token_ids",
    "return_tokens_as_token_ids",
    "seed",
    "temperature"
  ]
}
leyline_fields: []
[HTTP CONNECTED #187] status=200 elapsed=7.481s

====================================================================================================
[HTTP START #188]
method: POST
url: http://127.0.0.1:9119/v1/completions
summary: {
  "model": "deepseek-v2-lite",
  "prompt": {
    "type": "token_ids/list",
    "length": 39
  },
  "max_tokens": 64,
  "temperature": 0,
  "request_keys": [
    "add_special_tokens",
    "cache_salt",
    "logprobs",
    "max_tokens",
    "model",
    "prompt",
    "request_id",
    "return_token_ids",
    "return_tokens_as_token_ids",
    "seed",
    "temperature"
  ]
}
leyline_fields: []
[HTTP CONNECTED #188] status=200 elapsed=7.343s

====================================================================================================
[HTTP START #189]
method: POST
url: http://127.0.0.1:9119/v1/completions
summary: {
  "model": "deepseek-v2-lite",
  "prompt": {
    "type": "token_ids/list",
    "length": 39
  },
  "max_tokens": 64,
  "temperature": 0,
  "request_keys": [
    "add_special_tokens",
    "cache_salt",
    "logprobs",
    "max_tokens",
    "model",
    "prompt",
    "request_id",
    "return_token_ids",
    "return_tokens_as_token_ids",
    "seed",
    "temperature"
  ]
}
leyline_fields: []
[HTTP CONNECTED #189] status=200 elapsed=7.636s

====================================================================================================
[HTTP START #190]
method: POST
url: http://127.0.0.1:9119/v1/completions
summary: {
  "model": "deepseek-v2-lite",
  "prompt": {
    "type": "token_ids/list",
    "length": 39
  },
  "max_tokens": 64,
  "temperature": 0,
  "request_keys": [
    "add_special_tokens",
    "cache_salt",
    "logprobs",
    "max_tokens",
    "model",
    "prompt",
    "request_id",
    "return_token_ids",
    "return_tokens_as_token_ids",
    "seed",
    "temperature"
  ]
}
leyline_fields: []
[HTTP CONNECTED #190] status=200 elapsed=7.881s

====================================================================================================
[HTTP START #191]
method: POST
url: http://127.0.0.1:9119/v1/completions
summary: {
  "model": "deepseek-v2-lite",
  "prompt": {
    "type": "token_ids/list",
    "length": 1063
  },
  "max_tokens": 64,
  "temperature": 0,
  "request_keys": [
    "add_special_tokens",
    "cache_salt",
    "kv_transfer_params",
    "logprobs",
    "max_tokens",
    "model",
    "prompt",
    "request_id",
    "return_token_ids",
    "return_tokens_as_token_ids",
    "seed",
    "temperature"
  ]
}
leyline_fields: [
  [
    "$.kv_transfer_params.leyline",
    {
      "version": 1,
      "action": "record",
      "session_id": "delete-delta-129-and-long-delta-1024-8a0c757b01e34724b3ce191d5e8e517f"
    }
  ],
  [
    "$.kv_transfer_params.leyline.action",
    "record"
  ],
  [
    "$.kv_transfer_params.leyline.session_id",
    "delete-delta-129-and-long-delta-1024-8a0c757b01e34724b3ce191d5e8e517f"
  ]
]
[HTTP CONNECTED #191] status=200 elapsed=7.334s

====================================================================================================
[HTTP START #192]
method: POST
url: http://127.0.0.1:9119/v1/completions
summary: {
  "model": "deepseek-v2-lite",
  "prompt": {
    "type": "token_ids/list",
    "length": 39
  },
  "max_tokens": 64,
  "temperature": 0,
  "request_keys": [
    "add_special_tokens",
    "cache_salt",
    "kv_transfer_params",
    "logprobs",
    "max_tokens",
    "model",
    "prompt",
    "request_id",
    "return_token_ids",
    "return_tokens_as_token_ids",
    "seed",
    "temperature"
  ]
}
leyline_fields: [
  [
    "$.kv_transfer_params.leyline",
    {
      "version": 1,
      "action": "amortize",
      "session_id": "delete-delta-129-and-long-delta-1024-8a0c757b01e34724b3ce191d5e8e517f",
      "delete": {
        "start": 28,
        "end": 1052
      }
    }
  ],
  [
    "$.kv_transfer_params.leyline.action",
    "amortize"
  ],
  [
    "$.kv_transfer_params.leyline.session_id",
    "delete-delta-129-and-long-delta-1024-8a0c757b01e34724b3ce191d5e8e517f"
  ],
  [
    "$.kv_transfer_params.leyline.delete",
    {
      "start": 28,
      "end": 1052
    }
  ]
]
[HTTP CONNECTED #192] status=200 elapsed=7.414s

====================================================================================================
[HTTP START #193]
method: POST
url: http://127.0.0.1:9119/v1/completions
summary: {
  "model": "deepseek-v2-lite",
  "prompt": {
    "type": "token_ids/list",
    "length": 1063
  },
  "max_tokens": 64,
  "temperature": 0,
  "request_keys": [
    "add_special_tokens",
    "cache_salt",
    "logprobs",
    "max_tokens",
    "model",
    "prompt",
    "request_id",
    "return_token_ids",
    "return_tokens_as_token_ids",
    "seed",
    "temperature"
  ]
}
leyline_fields: []
[HTTP CONNECTED #193] status=200 elapsed=7.457s

====================================================================================================
[HTTP START #194]
method: POST
url: http://127.0.0.1:9119/v1/completions
summary: {
  "model": "deepseek-v2-lite",
  "prompt": {
    "type": "token_ids/list",
    "length": 39
  },
  "max_tokens": 64,
  "temperature": 0,
  "request_keys": [
    "add_special_tokens",
    "cache_salt",
    "logprobs",
    "max_tokens",
    "model",
    "prompt",
    "request_id",
    "return_token_ids",
    "return_tokens_as_token_ids",
    "seed",
    "temperature"
  ]
}
leyline_fields: []
[HTTP CONNECTED #194] status=200 elapsed=7.381s

====================================================================================================
[HTTP START #195]
method: POST
url: http://127.0.0.1:9119/v1/completions
summary: {
  "model": "deepseek-v2-lite",
  "prompt": {
    "type": "token_ids/list",
    "length": 39
  },
  "max_tokens": 64,
  "temperature": 0,
  "request_keys": [
    "add_special_tokens",
    "cache_salt",
    "logprobs",
    "max_tokens",
    "model",
    "prompt",
    "request_id",
    "return_token_ids",
    "return_tokens_as_token_ids",
    "seed",
    "temperature"
  ]
}
leyline_fields: []
[HTTP CONNECTED #195] status=200 elapsed=7.446s

====================================================================================================
[HTTP START #196]
method: POST
url: http://127.0.0.1:9119/v1/completions
summary: {
  "model": "deepseek-v2-lite",
  "prompt": {
    "type": "token_ids/list",
    "length": 39
  },
  "max_tokens": 64,
  "temperature": 0,
  "request_keys": [
    "add_special_tokens",
    "cache_salt",
    "logprobs",
    "max_tokens",
    "model",
    "prompt",
    "request_id",
    "return_token_ids",
    "return_tokens_as_token_ids",
    "seed",
    "temperature"
  ]
}
leyline_fields: []
[HTTP CONNECTED #196] status=200 elapsed=7.375s

====================================================================================================
[HTTP START #197]
method: POST
url: http://127.0.0.1:9119/v1/completions
summary: {
  "model": "deepseek-v2-lite",
  "prompt": {
    "type": "token_ids/list",
    "length": 1063
  },
  "max_tokens": 64,
  "temperature": 0,
  "request_keys": [
    "add_special_tokens",
    "cache_salt",
    "kv_transfer_params",
    "logprobs",
    "max_tokens",
    "model",
    "prompt",
    "request_id",
    "return_token_ids",
    "return_tokens_as_token_ids",
    "seed",
    "temperature"
  ]
}
leyline_fields: [
  [
    "$.kv_transfer_params.leyline",
    {
      "version": 1,
      "action": "record",
      "session_id": "delete-delta-129-and-long-delta-1024-30431646aab643a9996bd330bbcad6ae"
    }
  ],
  [
    "$.kv_transfer_params.leyline.action",
    "record"
  ],
  [
    "$.kv_transfer_params.leyline.session_id",
    "delete-delta-129-and-long-delta-1024-30431646aab643a9996bd330bbcad6ae"
  ]
]
[HTTP CONNECTED #197] status=200 elapsed=7.415s

====================================================================================================
[HTTP START #198]
method: POST
url: http://127.0.0.1:9119/v1/completions
summary: {
  "model": "deepseek-v2-lite",
  "prompt": {
    "type": "token_ids/list",
    "length": 39
  },
  "max_tokens": 64,
  "temperature": 0,
  "request_keys": [
    "add_special_tokens",
    "cache_salt",
    "kv_transfer_params",
    "logprobs",
    "max_tokens",
    "model",
    "prompt",
    "request_id",
    "return_token_ids",
    "return_tokens_as_token_ids",
    "seed",
    "temperature"
  ]
}
leyline_fields: [
  [
    "$.kv_transfer_params.leyline",
    {
      "version": 1,
      "action": "amortize",
      "session_id": "delete-delta-129-and-long-delta-1024-30431646aab643a9996bd330bbcad6ae",
      "delete": {
        "start": 28,
        "end": 1052
      }
    }
  ],
  [
    "$.kv_transfer_params.leyline.action",
    "amortize"
  ],
  [
    "$.kv_transfer_params.leyline.session_id",
    "delete-delta-129-and-long-delta-1024-30431646aab643a9996bd330bbcad6ae"
  ],
  [
    "$.kv_transfer_params.leyline.delete",
    {
      "start": 28,
      "end": 1052
    }
  ]
]
[HTTP CONNECTED #198] status=200 elapsed=7.559s

====================================================================================================
[HTTP START #199]
method: POST
url: http://127.0.0.1:9119/v1/completions
summary: {
  "model": "deepseek-v2-lite",
  "prompt": {
    "type": "token_ids/list",
    "length": 50
  },
  "max_tokens": 64,
  "temperature": 0,
  "request_keys": [
    "add_special_tokens",
    "cache_salt",
    "logprobs",
    "max_tokens",
    "model",
    "prompt",
    "request_id",
    "return_token_ids",
    "return_tokens_as_token_ids",
    "seed",
    "temperature"
  ]
}
leyline_fields: []
[HTTP CONNECTED #199] status=200 elapsed=7.652s

====================================================================================================
[HTTP START #200]
method: POST
url: http://127.0.0.1:9119/v1/completions
summary: {
  "model": "deepseek-v2-lite",
  "prompt": {
    "type": "token_ids/list",
    "length": 42
  },
  "max_tokens": 64,
  "temperature": 0,
  "request_keys": [
    "add_special_tokens",
    "cache_salt",
    "logprobs",
    "max_tokens",
    "model",
    "prompt",
    "request_id",
    "return_token_ids",
    "return_tokens_as_token_ids",
    "seed",
    "temperature"
  ]
}
leyline_fields: []
[HTTP CONNECTED #200] status=200 elapsed=7.477s

====================================================================================================
[HTTP START #201]
method: POST
url: http://127.0.0.1:9119/v1/completions
summary: {
  "model": "deepseek-v2-lite",
  "prompt": {
    "type": "token_ids/list",
    "length": 42
  },
  "max_tokens": 64,
  "temperature": 0,
  "request_keys": [
    "add_special_tokens",
    "cache_salt",
    "logprobs",
    "max_tokens",
    "model",
    "prompt",
    "request_id",
    "return_token_ids",
    "return_tokens_as_token_ids",
    "seed",
    "temperature"
  ]
}
leyline_fields: []
[HTTP CONNECTED #201] status=200 elapsed=7.404s

====================================================================================================
[HTTP START #202]
method: POST
url: http://127.0.0.1:9119/v1/completions
summary: {
  "model": "deepseek-v2-lite",
  "prompt": {
    "type": "token_ids/list",
    "length": 42
  },
  "max_tokens": 64,
  "temperature": 0,
  "request_keys": [
    "add_special_tokens",
    "cache_salt",
    "logprobs",
    "max_tokens",
    "model",
    "prompt",
    "request_id",
    "return_token_ids",
    "return_tokens_as_token_ids",
    "seed",
    "temperature"
  ]
}
leyline_fields: []
[HTTP CONNECTED #202] status=200 elapsed=7.441s

====================================================================================================
[HTTP START #203]
method: POST
url: http://127.0.0.1:9119/v1/completions
summary: {
  "model": "deepseek-v2-lite",
  "prompt": {
    "type": "token_ids/list",
    "length": 50
  },
  "max_tokens": 64,
  "temperature": 0,
  "request_keys": [
    "add_special_tokens",
    "cache_salt",
    "kv_transfer_params",
    "logprobs",
    "max_tokens",
    "model",
    "prompt",
    "request_id",
    "return_token_ids",
    "return_tokens_as_token_ids",
    "seed",
    "temperature"
  ]
}
leyline_fields: [
  [
    "$.kv_transfer_params.leyline",
    {
      "version": 1,
      "action": "record",
      "session_id": "route-neutral-variants-76ec9ba3bc8d42ea8217482ea3dcfb1f"
    }
  ],
  [
    "$.kv_transfer_params.leyline.action",
    "record"
  ],
  [
    "$.kv_transfer_params.leyline.session_id",
    "route-neutral-variants-76ec9ba3bc8d42ea8217482ea3dcfb1f"
  ]
]
[HTTP CONNECTED #203] status=200 elapsed=7.397s

====================================================================================================
[HTTP START #204]
method: POST
url: http://127.0.0.1:9119/v1/completions
summary: {
  "model": "deepseek-v2-lite",
  "prompt": {
    "type": "token_ids/list",
    "length": 42
  },
  "max_tokens": 64,
  "temperature": 0,
  "request_keys": [
    "add_special_tokens",
    "cache_salt",
    "kv_transfer_params",
    "logprobs",
    "max_tokens",
    "model",
    "prompt",
    "request_id",
    "return_token_ids",
    "return_tokens_as_token_ids",
    "seed",
    "temperature"
  ]
}
leyline_fields: [
  [
    "$.kv_transfer_params.leyline",
    {
      "version": 1,
      "action": "amortize",
      "session_id": "route-neutral-variants-76ec9ba3bc8d42ea8217482ea3dcfb1f",
      "delete": {
        "start": 22,
        "end": 30
      }
    }
  ],
  [
    "$.kv_transfer_params.leyline.action",
    "amortize"
  ],
  [
    "$.kv_transfer_params.leyline.session_id",
    "route-neutral-variants-76ec9ba3bc8d42ea8217482ea3dcfb1f"
  ],
  [
    "$.kv_transfer_params.leyline.delete",
    {
      "start": 22,
      "end": 30
    }
  ]
]
[HTTP CONNECTED #204] status=200 elapsed=7.433s

====================================================================================================
[HTTP START #205]
method: POST
url: http://127.0.0.1:9119/v1/completions
summary: {
  "model": "deepseek-v2-lite",
  "prompt": {
    "type": "token_ids/list",
    "length": 50
  },
  "max_tokens": 64,
  "temperature": 0,
  "request_keys": [
    "add_special_tokens",
    "cache_salt",
    "logprobs",
    "max_tokens",
    "model",
    "prompt",
    "request_id",
    "return_token_ids",
    "return_tokens_as_token_ids",
    "seed",
    "temperature"
  ]
}
leyline_fields: []
[HTTP CONNECTED #205] status=200 elapsed=7.395s

====================================================================================================
[HTTP START #206]
method: POST
url: http://127.0.0.1:9119/v1/completions
summary: {
  "model": "deepseek-v2-lite",
  "prompt": {
    "type": "token_ids/list",
    "length": 50
  },
  "max_tokens": 64,
  "temperature": 0,
  "request_keys": [
    "add_special_tokens",
    "cache_salt",
    "logprobs",
    "max_tokens",
    "model",
    "prompt",
    "request_id",
    "return_token_ids",
    "return_tokens_as_token_ids",
    "seed",
    "temperature"
  ]
}
leyline_fields: []
[HTTP CONNECTED #206] status=200 elapsed=7.454s

====================================================================================================
[HTTP START #207]
method: POST
url: http://127.0.0.1:9119/v1/completions
summary: {
  "model": "deepseek-v2-lite",
  "prompt": {
    "type": "token_ids/list",
    "length": 50
  },
  "max_tokens": 64,
  "temperature": 0,
  "request_keys": [
    "add_special_tokens",
    "cache_salt",
    "logprobs",
    "max_tokens",
    "model",
    "prompt",
    "request_id",
    "return_token_ids",
    "return_tokens_as_token_ids",
    "seed",
    "temperature"
  ]
}
leyline_fields: []
[HTTP CONNECTED #207] status=200 elapsed=7.637s

====================================================================================================
[HTTP START #208]
method: POST
url: http://127.0.0.1:9119/v1/completions
summary: {
  "model": "deepseek-v2-lite",
  "prompt": {
    "type": "token_ids/list",
    "length": 50
  },
  "max_tokens": 64,
  "temperature": 0,
  "request_keys": [
    "add_special_tokens",
    "cache_salt",
    "logprobs",
    "max_tokens",
    "model",
    "prompt",
    "request_id",
    "return_token_ids",
    "return_tokens_as_token_ids",
    "seed",
    "temperature"
  ]
}
leyline_fields: []
[HTTP CONNECTED #208] status=200 elapsed=7.629s

====================================================================================================
[HTTP START #209]
method: POST
url: http://127.0.0.1:9119/v1/completions
summary: {
  "model": "deepseek-v2-lite",
  "prompt": {
    "type": "token_ids/list",
    "length": 42
  },
  "max_tokens": 64,
  "temperature": 0,
  "request_keys": [
    "add_special_tokens",
    "cache_salt",
    "logprobs",
    "max_tokens",
    "model",
    "prompt",
    "request_id",
    "return_token_ids",
    "return_tokens_as_token_ids",
    "seed",
    "temperature"
  ]
}
leyline_fields: []
[HTTP CONNECTED #209] status=200 elapsed=7.703s

====================================================================================================
[HTTP START #210]
method: POST
url: http://127.0.0.1:9119/v1/completions
summary: {
  "model": "deepseek-v2-lite",
  "prompt": {
    "type": "token_ids/list",
    "length": 42
  },
  "max_tokens": 64,
  "temperature": 0,
  "request_keys": [
    "add_special_tokens",
    "cache_salt",
    "logprobs",
    "max_tokens",
    "model",
    "prompt",
    "request_id",
    "return_token_ids",
    "return_tokens_as_token_ids",
    "seed",
    "temperature"
  ]
}
leyline_fields: []
[HTTP CONNECTED #210] status=200 elapsed=7.644s

====================================================================================================
[HTTP START #211]
method: POST
url: http://127.0.0.1:9119/v1/completions
summary: {
  "model": "deepseek-v2-lite",
  "prompt": {
    "type": "token_ids/list",
    "length": 42
  },
  "max_tokens": 64,
  "temperature": 0,
  "request_keys": [
    "add_special_tokens",
    "cache_salt",
    "logprobs",
    "max_tokens",
    "model",
    "prompt",
    "request_id",
    "return_token_ids",
    "return_tokens_as_token_ids",
    "seed",
    "temperature"
  ]
}
leyline_fields: []
[HTTP CONNECTED #211] status=200 elapsed=7.649s

====================================================================================================
[HTTP START #212]
method: POST
url: http://127.0.0.1:9119/v1/completions
summary: {
  "model": "deepseek-v2-lite",
  "prompt": {
    "type": "token_ids/list",
    "length": 50
  },
  "max_tokens": 64,
  "temperature": 0,
  "request_keys": [
    "add_special_tokens",
    "cache_salt",
    "kv_transfer_params",
    "logprobs",
    "max_tokens",
    "model",
    "prompt",
    "request_id",
    "return_token_ids",
    "return_tokens_as_token_ids",
    "seed",
    "temperature"
  ]
}
leyline_fields: [
  [
    "$.kv_transfer_params.leyline",
    {
      "version": 1,
      "action": "record",
      "session_id": "route-neutral-variants-09a67c705edc4bd989e70313f831bd20"
    }
  ],
  [
    "$.kv_transfer_params.leyline.action",
    "record"
  ],
  [
    "$.kv_transfer_params.leyline.session_id",
    "route-neutral-variants-09a67c705edc4bd989e70313f831bd20"
  ]
]
[HTTP CONNECTED #212] status=200 elapsed=7.649s

====================================================================================================
[HTTP START #213]
method: POST
url: http://127.0.0.1:9119/v1/completions
summary: {
  "model": "deepseek-v2-lite",
  "prompt": {
    "type": "token_ids/list",
    "length": 42
  },
  "max_tokens": 64,
  "temperature": 0,
  "request_keys": [
    "add_special_tokens",
    "cache_salt",
    "kv_transfer_params",
    "logprobs",
    "max_tokens",
    "model",
    "prompt",
    "request_id",
    "return_token_ids",
    "return_tokens_as_token_ids",
    "seed",
    "temperature"
  ]
}
leyline_fields: [
  [
    "$.kv_transfer_params.leyline",
    {
      "version": 1,
      "action": "amortize",
      "session_id": "route-neutral-variants-09a67c705edc4bd989e70313f831bd20",
      "delete": {
        "start": 22,
        "end": 30
      }
    }
  ],
  [
    "$.kv_transfer_params.leyline.action",
    "amortize"
  ],
  [
    "$.kv_transfer_params.leyline.session_id",
    "route-neutral-variants-09a67c705edc4bd989e70313f831bd20"
  ],
  [
    "$.kv_transfer_params.leyline.delete",
    {
      "start": 22,
      "end": 30
    }
  ]
]
[HTTP CONNECTED #213] status=200 elapsed=7.680s

====================================================================================================
[HTTP START #214]
method: POST
url: http://127.0.0.1:9119/v1/completions
summary: {
  "model": "deepseek-v2-lite",
  "prompt": {
    "type": "token_ids/list",
    "length": 50
  },
  "max_tokens": 64,
  "temperature": 0,
  "request_keys": [
    "add_special_tokens",
    "cache_salt",
    "logprobs",
    "max_tokens",
    "model",
    "prompt",
    "request_id",
    "return_token_ids",
    "return_tokens_as_token_ids",
    "seed",
    "temperature"
  ]
}
leyline_fields: []
[HTTP CONNECTED #214] status=200 elapsed=7.429s

====================================================================================================
[HTTP START #215]
method: POST
url: http://127.0.0.1:9119/v1/completions
summary: {
  "model": "deepseek-v2-lite",
  "prompt": {
    "type": "token_ids/list",
    "length": 50
  },
  "max_tokens": 64,
  "temperature": 0,
  "request_keys": [
    "add_special_tokens",
    "cache_salt",
    "logprobs",
    "max_tokens",
    "model",
    "prompt",
    "request_id",
    "return_token_ids",
    "return_tokens_as_token_ids",
    "seed",
    "temperature"
  ]
}
leyline_fields: []
[HTTP CONNECTED #215] status=200 elapsed=7.383s

====================================================================================================
[HTTP START #216]
method: POST
url: http://127.0.0.1:9119/v1/completions
summary: {
  "model": "deepseek-v2-lite",
  "prompt": {
    "type": "token_ids/list",
    "length": 50
  },
  "max_tokens": 64,
  "temperature": 0,
  "request_keys": [
    "add_special_tokens",
    "cache_salt",
    "logprobs",
    "max_tokens",
    "model",
    "prompt",
    "request_id",
    "return_token_ids",
    "return_tokens_as_token_ids",
    "seed",
    "temperature"
  ]
}
leyline_fields: []
[HTTP CONNECTED #216] status=200 elapsed=7.405s

====================================================================================================
[HTTP START #217]
method: POST
url: http://127.0.0.1:9119/v1/completions
summary: {
  "model": "deepseek-v2-lite",
  "prompt": {
    "type": "token_ids/list",
    "length": 50
  },
  "max_tokens": 64,
  "temperature": 0,
  "request_keys": [
    "add_special_tokens",
    "cache_salt",
    "logprobs",
    "max_tokens",
    "model",
    "prompt",
    "request_id",
    "return_token_ids",
    "return_tokens_as_token_ids",
    "seed",
    "temperature"
  ]
}
leyline_fields: []
[HTTP CONNECTED #217] status=200 elapsed=7.408s

====================================================================================================
[HTTP START #218]
method: POST
url: http://127.0.0.1:9119/v1/completions
summary: {
  "model": "deepseek-v2-lite",
  "prompt": {
    "type": "token_ids/list",
    "length": 42
  },
  "max_tokens": 64,
  "temperature": 0,
  "request_keys": [
    "add_special_tokens",
    "cache_salt",
    "logprobs",
    "max_tokens",
    "model",
    "prompt",
    "request_id",
    "return_token_ids",
    "return_tokens_as_token_ids",
    "seed",
    "temperature"
  ]
}
leyline_fields: []
[HTTP CONNECTED #218] status=200 elapsed=7.352s

====================================================================================================
[HTTP START #219]
method: POST
url: http://127.0.0.1:9119/v1/completions
summary: {
  "model": "deepseek-v2-lite",
  "prompt": {
    "type": "token_ids/list",
    "length": 42
  },
  "max_tokens": 64,
  "temperature": 0,
  "request_keys": [
    "add_special_tokens",
    "cache_salt",
    "logprobs",
    "max_tokens",
    "model",
    "prompt",
    "request_id",
    "return_token_ids",
    "return_tokens_as_token_ids",
    "seed",
    "temperature"
  ]
}
leyline_fields: []
[HTTP CONNECTED #219] status=200 elapsed=7.453s

====================================================================================================
[HTTP START #220]
method: POST
url: http://127.0.0.1:9119/v1/completions
summary: {
  "model": "deepseek-v2-lite",
  "prompt": {
    "type": "token_ids/list",
    "length": 42
  },
  "max_tokens": 64,
  "temperature": 0,
  "request_keys": [
    "add_special_tokens",
    "cache_salt",
    "logprobs",
    "max_tokens",
    "model",
    "prompt",
    "request_id",
    "return_token_ids",
    "return_tokens_as_token_ids",
    "seed",
    "temperature"
  ]
}
leyline_fields: []
[HTTP CONNECTED #220] status=200 elapsed=7.411s

====================================================================================================
[HTTP START #221]
method: POST
url: http://127.0.0.1:9119/v1/completions
summary: {
  "model": "deepseek-v2-lite",
  "prompt": {
    "type": "token_ids/list",
    "length": 50
  },
  "max_tokens": 64,
  "temperature": 0,
  "request_keys": [
    "add_special_tokens",
    "cache_salt",
    "kv_transfer_params",
    "logprobs",
    "max_tokens",
    "model",
    "prompt",
    "request_id",
    "return_token_ids",
    "return_tokens_as_token_ids",
    "seed",
    "temperature"
  ]
}
leyline_fields: [
  [
    "$.kv_transfer_params.leyline",
    {
      "version": 1,
      "action": "record",
      "session_id": "route-neutral-variants-3dfaa30197d54f34a81bcd6e56b7276c"
    }
  ],
  [
    "$.kv_transfer_params.leyline.action",
    "record"
  ],
  [
    "$.kv_transfer_params.leyline.session_id",
    "route-neutral-variants-3dfaa30197d54f34a81bcd6e56b7276c"
  ]
]
[HTTP CONNECTED #221] status=200 elapsed=7.318s

====================================================================================================
[HTTP START #222]
method: POST
url: http://127.0.0.1:9119/v1/completions
summary: {
  "model": "deepseek-v2-lite",
  "prompt": {
    "type": "token_ids/list",
    "length": 42
  },
  "max_tokens": 64,
  "temperature": 0,
  "request_keys": [
    "add_special_tokens",
    "cache_salt",
    "kv_transfer_params",
    "logprobs",
    "max_tokens",
    "model",
    "prompt",
    "request_id",
    "return_token_ids",
    "return_tokens_as_token_ids",
    "seed",
    "temperature"
  ]
}
leyline_fields: [
  [
    "$.kv_transfer_params.leyline",
    {
      "version": 1,
      "action": "amortize",
      "session_id": "route-neutral-variants-3dfaa30197d54f34a81bcd6e56b7276c",
      "delete": {
        "start": 22,
        "end": 30
      }
    }
  ],
  [
    "$.kv_transfer_params.leyline.action",
    "amortize"
  ],
  [
    "$.kv_transfer_params.leyline.session_id",
    "route-neutral-variants-3dfaa30197d54f34a81bcd6e56b7276c"
  ],
  [
    "$.kv_transfer_params.leyline.delete",
    {
      "start": 22,
      "end": 30
    }
  ]
]
[HTTP CONNECTED #222] status=200 elapsed=7.365s

====================================================================================================
[HTTP START #223]
method: POST
url: http://127.0.0.1:9119/v1/completions
summary: {
  "model": "deepseek-v2-lite",
  "prompt": {
    "type": "token_ids/list",
    "length": 50
  },
  "max_tokens": 64,
  "temperature": 0,
  "request_keys": [
    "add_special_tokens",
    "cache_salt",
    "logprobs",
    "max_tokens",
    "model",
    "prompt",
    "request_id",
    "return_token_ids",
    "return_tokens_as_token_ids",
    "seed",
    "temperature"
  ]
}
leyline_fields: []
[HTTP CONNECTED #223] status=200 elapsed=7.360s

====================================================================================================
[HTTP START #224]
method: POST
url: http://127.0.0.1:9119/v1/completions
summary: {
  "model": "deepseek-v2-lite",
  "prompt": {
    "type": "token_ids/list",
    "length": 50
  },
  "max_tokens": 64,
  "temperature": 0,
  "request_keys": [
    "add_special_tokens",
    "cache_salt",
    "logprobs",
    "max_tokens",
    "model",
    "prompt",
    "request_id",
    "return_token_ids",
    "return_tokens_as_token_ids",
    "seed",
    "temperature"
  ]
}
leyline_fields: []
[HTTP CONNECTED #224] status=200 elapsed=7.425s

====================================================================================================
[HTTP START #225]
method: POST
url: http://127.0.0.1:9119/v1/completions
summary: {
  "model": "deepseek-v2-lite",
  "prompt": {
    "type": "token_ids/list",
    "length": 50
  },
  "max_tokens": 64,
  "temperature": 0,
  "request_keys": [
    "add_special_tokens",
    "cache_salt",
    "logprobs",
    "max_tokens",
    "model",
    "prompt",
    "request_id",
    "return_token_ids",
    "return_tokens_as_token_ids",
    "seed",
    "temperature"
  ]
}
leyline_fields: []
[HTTP CONNECTED #225] status=200 elapsed=7.504s

====================================================================================================
[HTTP START #226]
method: POST
url: http://127.0.0.1:9119/v1/completions
summary: {
  "model": "deepseek-v2-lite",
  "prompt": {
    "type": "token_ids/list",
    "length": 41
  },
  "max_tokens": 64,
  "temperature": 0,
  "request_keys": [
    "add_special_tokens",
    "cache_salt",
    "logprobs",
    "max_tokens",
    "model",
    "prompt",
    "request_id",
    "return_token_ids",
    "return_tokens_as_token_ids",
    "seed",
    "temperature"
  ]
}
leyline_fields: []
[HTTP CONNECTED #226] status=200 elapsed=7.419s

====================================================================================================
[HTTP START #227]
method: POST
url: http://127.0.0.1:9119/v1/completions
summary: {
  "model": "deepseek-v2-lite",
  "prompt": {
    "type": "token_ids/list",
    "length": 36
  },
  "max_tokens": 64,
  "temperature": 0,
  "request_keys": [
    "add_special_tokens",
    "cache_salt",
    "logprobs",
    "max_tokens",
    "model",
    "prompt",
    "request_id",
    "return_token_ids",
    "return_tokens_as_token_ids",
    "seed",
    "temperature"
  ]
}
leyline_fields: []
[HTTP CONNECTED #227] status=200 elapsed=7.343s

====================================================================================================
[HTTP START #228]
method: POST
url: http://127.0.0.1:9119/v1/completions
summary: {
  "model": "deepseek-v2-lite",
  "prompt": {
    "type": "token_ids/list",
    "length": 36
  },
  "max_tokens": 64,
  "temperature": 0,
  "request_keys": [
    "add_special_tokens",
    "cache_salt",
    "logprobs",
    "max_tokens",
    "model",
    "prompt",
    "request_id",
    "return_token_ids",
    "return_tokens_as_token_ids",
    "seed",
    "temperature"
  ]
}
leyline_fields: []
[HTTP CONNECTED #228] status=200 elapsed=7.361s

====================================================================================================
[HTTP START #229]
method: POST
url: http://127.0.0.1:9119/v1/completions
summary: {
  "model": "deepseek-v2-lite",
  "prompt": {
    "type": "token_ids/list",
    "length": 36
  },
  "max_tokens": 64,
  "temperature": 0,
  "request_keys": [
    "add_special_tokens",
    "cache_salt",
    "logprobs",
    "max_tokens",
    "model",
    "prompt",
    "request_id",
    "return_token_ids",
    "return_tokens_as_token_ids",
    "seed",
    "temperature"
  ]
}
leyline_fields: []
[HTTP CONNECTED #229] status=200 elapsed=7.393s

====================================================================================================
[HTTP START #230]
method: POST
url: http://127.0.0.1:9119/v1/completions
summary: {
  "model": "deepseek-v2-lite",
  "prompt": {
    "type": "token_ids/list",
    "length": 41
  },
  "max_tokens": 64,
  "temperature": 0,
  "request_keys": [
    "add_special_tokens",
    "cache_salt",
    "kv_transfer_params",
    "logprobs",
    "max_tokens",
    "model",
    "prompt",
    "request_id",
    "return_token_ids",
    "return_tokens_as_token_ids",
    "seed",
    "temperature"
  ]
}
leyline_fields: [
  [
    "$.kv_transfer_params.leyline",
    {
      "version": 1,
      "action": "record",
      "session_id": "code-comment-variants-7b2a7cb23d3c443c966f19d08ac65035"
    }
  ],
  [
    "$.kv_transfer_params.leyline.action",
    "record"
  ],
  [
    "$.kv_transfer_params.leyline.session_id",
    "code-comment-variants-7b2a7cb23d3c443c966f19d08ac65035"
  ]
]
[HTTP CONNECTED #230] status=200 elapsed=7.685s

====================================================================================================
[HTTP START #231]
method: POST
url: http://127.0.0.1:9119/v1/completions
summary: {
  "model": "deepseek-v2-lite",
  "prompt": {
    "type": "token_ids/list",
    "length": 36
  },
  "max_tokens": 64,
  "temperature": 0,
  "request_keys": [
    "add_special_tokens",
    "cache_salt",
    "kv_transfer_params",
    "logprobs",
    "max_tokens",
    "model",
    "prompt",
    "request_id",
    "return_token_ids",
    "return_tokens_as_token_ids",
    "seed",
    "temperature"
  ]
}
leyline_fields: [
  [
    "$.kv_transfer_params.leyline",
    {
      "version": 1,
      "action": "amortize",
      "session_id": "code-comment-variants-7b2a7cb23d3c443c966f19d08ac65035",
      "delete": {
        "start": 12,
        "end": 17
      }
    }
  ],
  [
    "$.kv_transfer_params.leyline.action",
    "amortize"
  ],
  [
    "$.kv_transfer_params.leyline.session_id",
    "code-comment-variants-7b2a7cb23d3c443c966f19d08ac65035"
  ],
  [
    "$.kv_transfer_params.leyline.delete",
    {
      "start": 12,
      "end": 17
    }
  ]
]
[HTTP CONNECTED #231] status=200 elapsed=7.635s

====================================================================================================
[HTTP START #232]
method: POST
url: http://127.0.0.1:9119/v1/completions
summary: {
  "model": "deepseek-v2-lite",
  "prompt": {
    "type": "token_ids/list",
    "length": 41
  },
  "max_tokens": 64,
  "temperature": 0,
  "request_keys": [
    "add_special_tokens",
    "cache_salt",
    "logprobs",
    "max_tokens",
    "model",
    "prompt",
    "request_id",
    "return_token_ids",
    "return_tokens_as_token_ids",
    "seed",
    "temperature"
  ]
}
leyline_fields: []
[HTTP CONNECTED #232] status=200 elapsed=7.329s

====================================================================================================
[HTTP START #233]
method: POST
url: http://127.0.0.1:9119/v1/completions
summary: {
  "model": "deepseek-v2-lite",
  "prompt": {
    "type": "token_ids/list",
    "length": 41
  },
  "max_tokens": 64,
  "temperature": 0,
  "request_keys": [
    "add_special_tokens",
    "cache_salt",
    "logprobs",
    "max_tokens",
    "model",
    "prompt",
    "request_id",
    "return_token_ids",
    "return_tokens_as_token_ids",
    "seed",
    "temperature"
  ]
}
leyline_fields: []
[HTTP CONNECTED #233] status=200 elapsed=7.809s

====================================================================================================
[HTTP START #234]
method: POST
url: http://127.0.0.1:9119/v1/completions
summary: {
  "model": "deepseek-v2-lite",
  "prompt": {
    "type": "token_ids/list",
    "length": 41
  },
  "max_tokens": 64,
  "temperature": 0,
  "request_keys": [
    "add_special_tokens",
    "cache_salt",
    "logprobs",
    "max_tokens",
    "model",
    "prompt",
    "request_id",
    "return_token_ids",
    "return_tokens_as_token_ids",
    "seed",
    "temperature"
  ]
}
leyline_fields: []
[HTTP CONNECTED #234] status=200 elapsed=7.964s

====================================================================================================
[HTTP START #235]
method: POST
url: http://127.0.0.1:9119/v1/completions
summary: {
  "model": "deepseek-v2-lite",
  "prompt": {
    "type": "token_ids/list",
    "length": 41
  },
  "max_tokens": 64,
  "temperature": 0,
  "request_keys": [
    "add_special_tokens",
    "cache_salt",
    "logprobs",
    "max_tokens",
    "model",
    "prompt",
    "request_id",
    "return_token_ids",
    "return_tokens_as_token_ids",
    "seed",
    "temperature"
  ]
}
leyline_fields: []
[HTTP CONNECTED #235] status=200 elapsed=8.143s

====================================================================================================
[HTTP START #236]
method: POST
url: http://127.0.0.1:9119/v1/completions
summary: {
  "model": "deepseek-v2-lite",
  "prompt": {
    "type": "token_ids/list",
    "length": 36
  },
  "max_tokens": 64,
  "temperature": 0,
  "request_keys": [
    "add_special_tokens",
    "cache_salt",
    "logprobs",
    "max_tokens",
    "model",
    "prompt",
    "request_id",
    "return_token_ids",
    "return_tokens_as_token_ids",
    "seed",
    "temperature"
  ]
}
leyline_fields: []
[HTTP CONNECTED #236] status=200 elapsed=8.076s

====================================================================================================
[HTTP START #237]
method: POST
url: http://127.0.0.1:9119/v1/completions
summary: {
  "model": "deepseek-v2-lite",
  "prompt": {
    "type": "token_ids/list",
    "length": 36
  },
  "max_tokens": 64,
  "temperature": 0,
  "request_keys": [
    "add_special_tokens",
    "cache_salt",
    "logprobs",
    "max_tokens",
    "model",
    "prompt",
    "request_id",
    "return_token_ids",
    "return_tokens_as_token_ids",
    "seed",
    "temperature"
  ]
}
leyline_fields: []
[HTTP CONNECTED #237] status=200 elapsed=8.056s

====================================================================================================
[HTTP START #238]
method: POST
url: http://127.0.0.1:9119/v1/completions
summary: {
  "model": "deepseek-v2-lite",
  "prompt": {
    "type": "token_ids/list",
    "length": 36
  },
  "max_tokens": 64,
  "temperature": 0,
  "request_keys": [
    "add_special_tokens",
    "cache_salt",
    "logprobs",
    "max_tokens",
    "model",
    "prompt",
    "request_id",
    "return_token_ids",
    "return_tokens_as_token_ids",
    "seed",
    "temperature"
  ]
}
leyline_fields: []
[HTTP CONNECTED #238] status=200 elapsed=7.939s

====================================================================================================
[HTTP START #239]
method: POST
url: http://127.0.0.1:9119/v1/completions
summary: {
  "model": "deepseek-v2-lite",
  "prompt": {
    "type": "token_ids/list",
    "length": 41
  },
  "max_tokens": 64,
  "temperature": 0,
  "request_keys": [
    "add_special_tokens",
    "cache_salt",
    "kv_transfer_params",
    "logprobs",
    "max_tokens",
    "model",
    "prompt",
    "request_id",
    "return_token_ids",
    "return_tokens_as_token_ids",
    "seed",
    "temperature"
  ]
}
leyline_fields: [
  [
    "$.kv_transfer_params.leyline",
    {
      "version": 1,
      "action": "record",
      "session_id": "code-comment-variants-f0e0c38d301f40da9b7258f82692d8b3"
    }
  ],
  [
    "$.kv_transfer_params.leyline.action",
    "record"
  ],
  [
    "$.kv_transfer_params.leyline.session_id",
    "code-comment-variants-f0e0c38d301f40da9b7258f82692d8b3"
  ]
]
[HTTP CONNECTED #239] status=200 elapsed=8.045s

====================================================================================================
[HTTP START #240]
method: POST
url: http://127.0.0.1:9119/v1/completions
summary: {
  "model": "deepseek-v2-lite",
  "prompt": {
    "type": "token_ids/list",
    "length": 36
  },
  "max_tokens": 64,
  "temperature": 0,
  "request_keys": [
    "add_special_tokens",
    "cache_salt",
    "kv_transfer_params",
    "logprobs",
    "max_tokens",
    "model",
    "prompt",
    "request_id",
    "return_token_ids",
    "return_tokens_as_token_ids",
    "seed",
    "temperature"
  ]
}
leyline_fields: [
  [
    "$.kv_transfer_params.leyline",
    {
      "version": 1,
      "action": "amortize",
      "session_id": "code-comment-variants-f0e0c38d301f40da9b7258f82692d8b3",
      "delete": {
        "start": 12,
        "end": 17
      }
    }
  ],
  [
    "$.kv_transfer_params.leyline.action",
    "amortize"
  ],
  [
    "$.kv_transfer_params.leyline.session_id",
    "code-comment-variants-f0e0c38d301f40da9b7258f82692d8b3"
  ],
  [
    "$.kv_transfer_params.leyline.delete",
    {
      "start": 12,
      "end": 17
    }
  ]
]
[HTTP CONNECTED #240] status=200 elapsed=8.009s

====================================================================================================
[HTTP START #241]
method: POST
url: http://127.0.0.1:9119/v1/completions
summary: {
  "model": "deepseek-v2-lite",
  "prompt": {
    "type": "token_ids/list",
    "length": 41
  },
  "max_tokens": 64,
  "temperature": 0,
  "request_keys": [
    "add_special_tokens",
    "cache_salt",
    "logprobs",
    "max_tokens",
    "model",
    "prompt",
    "request_id",
    "return_token_ids",
    "return_tokens_as_token_ids",
    "seed",
    "temperature"
  ]
}
leyline_fields: []
[HTTP CONNECTED #241] status=200 elapsed=8.074s

====================================================================================================
[HTTP START #242]
method: POST
url: http://127.0.0.1:9119/v1/completions
summary: {
  "model": "deepseek-v2-lite",
  "prompt": {
    "type": "token_ids/list",
    "length": 41
  },
  "max_tokens": 64,
  "temperature": 0,
  "request_keys": [
    "add_special_tokens",
    "cache_salt",
    "logprobs",
    "max_tokens",
    "model",
    "prompt",
    "request_id",
    "return_token_ids",
    "return_tokens_as_token_ids",
    "seed",
    "temperature"
  ]
}
leyline_fields: []
[HTTP CONNECTED #242] status=200 elapsed=7.982s

====================================================================================================
[HTTP START #243]
method: POST
url: http://127.0.0.1:9119/v1/completions
summary: {
  "model": "deepseek-v2-lite",
  "prompt": {
    "type": "token_ids/list",
    "length": 41
  },
  "max_tokens": 64,
  "temperature": 0,
  "request_keys": [
    "add_special_tokens",
    "cache_salt",
    "logprobs",
    "max_tokens",
    "model",
    "prompt",
    "request_id",
    "return_token_ids",
    "return_tokens_as_token_ids",
    "seed",
    "temperature"
  ]
}
leyline_fields: []
[HTTP CONNECTED #243] status=200 elapsed=8.059s

====================================================================================================
[HTTP START #244]
method: POST
url: http://127.0.0.1:9119/v1/completions
summary: {
  "model": "deepseek-v2-lite",
  "prompt": {
    "type": "token_ids/list",
    "length": 41
  },
  "max_tokens": 64,
  "temperature": 0,
  "request_keys": [
    "add_special_tokens",
    "cache_salt",
    "logprobs",
    "max_tokens",
    "model",
    "prompt",
    "request_id",
    "return_token_ids",
    "return_tokens_as_token_ids",
    "seed",
    "temperature"
  ]
}
leyline_fields: []
[HTTP CONNECTED #244] status=200 elapsed=7.938s

====================================================================================================
[HTTP START #245]
method: POST
url: http://127.0.0.1:9119/v1/completions
summary: {
  "model": "deepseek-v2-lite",
  "prompt": {
    "type": "token_ids/list",
    "length": 36
  },
  "max_tokens": 64,
  "temperature": 0,
  "request_keys": [
    "add_special_tokens",
    "cache_salt",
    "logprobs",
    "max_tokens",
    "model",
    "prompt",
    "request_id",
    "return_token_ids",
    "return_tokens_as_token_ids",
    "seed",
    "temperature"
  ]
}
leyline_fields: []
[HTTP CONNECTED #245] status=200 elapsed=8.097s

====================================================================================================
[HTTP START #246]
method: POST
url: http://127.0.0.1:9119/v1/completions
summary: {
  "model": "deepseek-v2-lite",
  "prompt": {
    "type": "token_ids/list",
    "length": 36
  },
  "max_tokens": 64,
  "temperature": 0,
  "request_keys": [
    "add_special_tokens",
    "cache_salt",
    "logprobs",
    "max_tokens",
    "model",
    "prompt",
    "request_id",
    "return_token_ids",
    "return_tokens_as_token_ids",
    "seed",
    "temperature"
  ]
}
leyline_fields: []
[HTTP CONNECTED #246] status=200 elapsed=7.922s

====================================================================================================
[HTTP START #247]
method: POST
url: http://127.0.0.1:9119/v1/completions
summary: {
  "model": "deepseek-v2-lite",
  "prompt": {
    "type": "token_ids/list",
    "length": 36
  },
  "max_tokens": 64,
  "temperature": 0,
  "request_keys": [
    "add_special_tokens",
    "cache_salt",
    "logprobs",
    "max_tokens",
    "model",
    "prompt",
    "request_id",
    "return_token_ids",
    "return_tokens_as_token_ids",
    "seed",
    "temperature"
  ]
}
leyline_fields: []
[HTTP CONNECTED #247] status=200 elapsed=7.937s

====================================================================================================
[HTTP START #248]
method: POST
url: http://127.0.0.1:9119/v1/completions
summary: {
  "model": "deepseek-v2-lite",
  "prompt": {
    "type": "token_ids/list",
    "length": 41
  },
  "max_tokens": 64,
  "temperature": 0,
  "request_keys": [
    "add_special_tokens",
    "cache_salt",
    "kv_transfer_params",
    "logprobs",
    "max_tokens",
    "model",
    "prompt",
    "request_id",
    "return_token_ids",
    "return_tokens_as_token_ids",
    "seed",
    "temperature"
  ]
}
leyline_fields: [
  [
    "$.kv_transfer_params.leyline",
    {
      "version": 1,
      "action": "record",
      "session_id": "code-comment-variants-c0b3cb267dbf4a429ee21013b0021505"
    }
  ],
  [
    "$.kv_transfer_params.leyline.action",
    "record"
  ],
  [
    "$.kv_transfer_params.leyline.session_id",
    "code-comment-variants-c0b3cb267dbf4a429ee21013b0021505"
  ]
]
[HTTP CONNECTED #248] status=200 elapsed=7.866s

====================================================================================================
[HTTP START #249]
method: POST
url: http://127.0.0.1:9119/v1/completions
summary: {
  "model": "deepseek-v2-lite",
  "prompt": {
    "type": "token_ids/list",
    "length": 36
  },
  "max_tokens": 64,
  "temperature": 0,
  "request_keys": [
    "add_special_tokens",
    "cache_salt",
    "kv_transfer_params",
    "logprobs",
    "max_tokens",
    "model",
    "prompt",
    "request_id",
    "return_token_ids",
    "return_tokens_as_token_ids",
    "seed",
    "temperature"
  ]
}
leyline_fields: [
  [
    "$.kv_transfer_params.leyline",
    {
      "version": 1,
      "action": "amortize",
      "session_id": "code-comment-variants-c0b3cb267dbf4a429ee21013b0021505",
      "delete": {
        "start": 12,
        "end": 17
      }
    }
  ],
  [
    "$.kv_transfer_params.leyline.action",
    "amortize"
  ],
  [
    "$.kv_transfer_params.leyline.session_id",
    "code-comment-variants-c0b3cb267dbf4a429ee21013b0021505"
  ],
  [
    "$.kv_transfer_params.leyline.delete",
    {
      "start": 12,
      "end": 17
    }
  ]
]
[HTTP CONNECTED #249] status=200 elapsed=8.046s

====================================================================================================
[HTTP START #250]
method: POST
url: http://127.0.0.1:9119/v1/completions
summary: {
  "model": "deepseek-v2-lite",
  "prompt": {
    "type": "token_ids/list",
    "length": 41
  },
  "max_tokens": 64,
  "temperature": 0,
  "request_keys": [
    "add_special_tokens",
    "cache_salt",
    "logprobs",
    "max_tokens",
    "model",
    "prompt",
    "request_id",
    "return_token_ids",
    "return_tokens_as_token_ids",
    "seed",
    "temperature"
  ]
}
leyline_fields: []
[HTTP CONNECTED #250] status=200 elapsed=8.033s

====================================================================================================
[HTTP START #251]
method: POST
url: http://127.0.0.1:9119/v1/completions
summary: {
  "model": "deepseek-v2-lite",
  "prompt": {
    "type": "token_ids/list",
    "length": 41
  },
  "max_tokens": 64,
  "temperature": 0,
  "request_keys": [
    "add_special_tokens",
    "cache_salt",
    "logprobs",
    "max_tokens",
    "model",
    "prompt",
    "request_id",
    "return_token_ids",
    "return_tokens_as_token_ids",
    "seed",
    "temperature"
  ]
}
leyline_fields: []
[HTTP CONNECTED #251] status=200 elapsed=8.053s

====================================================================================================
[HTTP START #252]
method: POST
url: http://127.0.0.1:9119/v1/completions
summary: {
  "model": "deepseek-v2-lite",
  "prompt": {
    "type": "token_ids/list",
    "length": 41
  },
  "max_tokens": 64,
  "temperature": 0,
  "request_keys": [
    "add_special_tokens",
    "cache_salt",
    "logprobs",
    "max_tokens",
    "model",
    "prompt",
    "request_id",
    "return_token_ids",
    "return_tokens_as_token_ids",
    "seed",
    "temperature"
  ]
}
leyline_fields: []
[HTTP CONNECTED #252] status=200 elapsed=8.022s

====================================================================================================
[HTTP START #253]
method: POST
url: http://127.0.0.1:9119/v1/completions
summary: {
  "model": "deepseek-v2-lite",
  "prompt": {
    "type": "token_ids/list",
    "length": 21
  },
  "max_tokens": 64,
  "temperature": 0,
  "request_keys": [
    "add_special_tokens",
    "cache_salt",
    "logprobs",
    "max_tokens",
    "model",
    "prompt",
    "request_id",
    "return_token_ids",
    "return_tokens_as_token_ids",
    "seed",
    "temperature"
  ]
}
leyline_fields: []
[HTTP CONNECTED #253] status=200 elapsed=8.075s

====================================================================================================
[HTTP START #254]
method: POST
url: http://127.0.0.1:9119/v1/completions
summary: {
  "model": "deepseek-v2-lite",
  "prompt": {
    "type": "token_ids/list",
    "length": 16
  },
  "max_tokens": 64,
  "temperature": 0,
  "request_keys": [
    "add_special_tokens",
    "cache_salt",
    "logprobs",
    "max_tokens",
    "model",
    "prompt",
    "request_id",
    "return_token_ids",
    "return_tokens_as_token_ids",
    "seed",
    "temperature"
  ]
}
leyline_fields: []
[HTTP CONNECTED #254] status=200 elapsed=8.005s

====================================================================================================
[HTTP START #255]
method: POST
url: http://127.0.0.1:9119/v1/completions
summary: {
  "model": "deepseek-v2-lite",
  "prompt": {
    "type": "token_ids/list",
    "length": 16
  },
  "max_tokens": 64,
  "temperature": 0,
  "request_keys": [
    "add_special_tokens",
    "cache_salt",
    "logprobs",
    "max_tokens",
    "model",
    "prompt",
    "request_id",
    "return_token_ids",
    "return_tokens_as_token_ids",
    "seed",
    "temperature"
  ]
}
leyline_fields: []
[HTTP CONNECTED #255] status=200 elapsed=7.641s

====================================================================================================
[HTTP START #256]
method: POST
url: http://127.0.0.1:9119/v1/completions
summary: {
  "model": "deepseek-v2-lite",
  "prompt": {
    "type": "token_ids/list",
    "length": 16
  },
  "max_tokens": 64,
  "temperature": 0,
  "request_keys": [
    "add_special_tokens",
    "cache_salt",
    "logprobs",
    "max_tokens",
    "model",
    "prompt",
    "request_id",
    "return_token_ids",
    "return_tokens_as_token_ids",
    "seed",
    "temperature"
  ]
}
leyline_fields: []
[HTTP CONNECTED #256] status=200 elapsed=7.306s

====================================================================================================
[HTTP START #257]
method: POST
url: http://127.0.0.1:9119/v1/completions
summary: {
  "model": "deepseek-v2-lite",
  "prompt": {
    "type": "token_ids/list",
    "length": 21
  },
  "max_tokens": 64,
  "temperature": 0,
  "request_keys": [
    "add_special_tokens",
    "cache_salt",
    "kv_transfer_params",
    "logprobs",
    "max_tokens",
    "model",
    "prompt",
    "request_id",
    "return_token_ids",
    "return_tokens_as_token_ids",
    "seed",
    "temperature"
  ]
}
leyline_fields: [
  [
    "$.kv_transfer_params.leyline",
    {
      "version": 1,
      "action": "record",
      "session_id": "deleted-codeword-9f97880fe456470f8a78d51bd9d25908"
    }
  ],
  [
    "$.kv_transfer_params.leyline.action",
    "record"
  ],
  [
    "$.kv_transfer_params.leyline.session_id",
    "deleted-codeword-9f97880fe456470f8a78d51bd9d25908"
  ]
]
[HTTP CONNECTED #257] status=200 elapsed=7.391s

====================================================================================================
[HTTP START #258]
method: POST
url: http://127.0.0.1:9119/v1/completions
summary: {
  "model": "deepseek-v2-lite",
  "prompt": {
    "type": "token_ids/list",
    "length": 16
  },
  "max_tokens": 64,
  "temperature": 0,
  "request_keys": [
    "add_special_tokens",
    "cache_salt",
    "kv_transfer_params",
    "logprobs",
    "max_tokens",
    "model",
    "prompt",
    "request_id",
    "return_token_ids",
    "return_tokens_as_token_ids",
    "seed",
    "temperature"
  ]
}
leyline_fields: [
  [
    "$.kv_transfer_params.leyline",
    {
      "version": 1,
      "action": "amortize",
      "session_id": "deleted-codeword-9f97880fe456470f8a78d51bd9d25908",
      "delete": {
        "start": 9,
        "end": 14
      }
    }
  ],
  [
    "$.kv_transfer_params.leyline.action",
    "amortize"
  ],
  [
    "$.kv_transfer_params.leyline.session_id",
    "deleted-codeword-9f97880fe456470f8a78d51bd9d25908"
  ],
  [
    "$.kv_transfer_params.leyline.delete",
    {
      "start": 9,
      "end": 14
    }
  ]
]
[HTTP CONNECTED #258] status=200 elapsed=7.329s

====================================================================================================
[HTTP START #259]
method: POST
url: http://127.0.0.1:9119/v1/completions
summary: {
  "model": "deepseek-v2-lite",
  "prompt": {
    "type": "token_ids/list",
    "length": 21
  },
  "max_tokens": 64,
  "temperature": 0,
  "request_keys": [
    "add_special_tokens",
    "cache_salt",
    "logprobs",
    "max_tokens",
    "model",
    "prompt",
    "request_id",
    "return_token_ids",
    "return_tokens_as_token_ids",
    "seed",
    "temperature"
  ]
}
leyline_fields: []
[HTTP CONNECTED #259] status=200 elapsed=7.406s

====================================================================================================
[HTTP START #260]
method: POST
url: http://127.0.0.1:9119/v1/completions
summary: {
  "model": "deepseek-v2-lite",
  "prompt": {
    "type": "token_ids/list",
    "length": 16
  },
  "max_tokens": 64,
  "temperature": 0,
  "request_keys": [
    "add_special_tokens",
    "cache_salt",
    "logprobs",
    "max_tokens",
    "model",
    "prompt",
    "request_id",
    "return_token_ids",
    "return_tokens_as_token_ids",
    "seed",
    "temperature"
  ]
}
leyline_fields: []
[HTTP CONNECTED #260] status=200 elapsed=7.366s

====================================================================================================
[HTTP START #261]
method: POST
url: http://127.0.0.1:9119/v1/completions
summary: {
  "model": "deepseek-v2-lite",
  "prompt": {
    "type": "token_ids/list",
    "length": 16
  },
  "max_tokens": 64,
  "temperature": 0,
  "request_keys": [
    "add_special_tokens",
    "cache_salt",
    "logprobs",
    "max_tokens",
    "model",
    "prompt",
    "request_id",
    "return_token_ids",
    "return_tokens_as_token_ids",
    "seed",
    "temperature"
  ]
}
leyline_fields: []
[HTTP CONNECTED #261] status=200 elapsed=7.377s

====================================================================================================
[HTTP START #262]
method: POST
url: http://127.0.0.1:9119/v1/completions
summary: {
  "model": "deepseek-v2-lite",
  "prompt": {
    "type": "token_ids/list",
    "length": 16
  },
  "max_tokens": 64,
  "temperature": 0,
  "request_keys": [
    "add_special_tokens",
    "cache_salt",
    "logprobs",
    "max_tokens",
    "model",
    "prompt",
    "request_id",
    "return_token_ids",
    "return_tokens_as_token_ids",
    "seed",
    "temperature"
  ]
}
leyline_fields: []
[HTTP CONNECTED #262] status=200 elapsed=7.647s

====================================================================================================
[HTTP START #263]
method: POST
url: http://127.0.0.1:9119/v1/completions
summary: {
  "model": "deepseek-v2-lite",
  "prompt": {
    "type": "token_ids/list",
    "length": 21
  },
  "max_tokens": 64,
  "temperature": 0,
  "request_keys": [
    "add_special_tokens",
    "cache_salt",
    "kv_transfer_params",
    "logprobs",
    "max_tokens",
    "model",
    "prompt",
    "request_id",
    "return_token_ids",
    "return_tokens_as_token_ids",
    "seed",
    "temperature"
  ]
}
leyline_fields: [
  [
    "$.kv_transfer_params.leyline",
    {
      "version": 1,
      "action": "record",
      "session_id": "deleted-codeword-fac7b439d5f240c7b67cb4c0bfd3b253"
    }
  ],
  [
    "$.kv_transfer_params.leyline.action",
    "record"
  ],
  [
    "$.kv_transfer_params.leyline.session_id",
    "deleted-codeword-fac7b439d5f240c7b67cb4c0bfd3b253"
  ]
]
[HTTP CONNECTED #263] status=200 elapsed=8.251s

====================================================================================================
[HTTP START #264]
method: POST
url: http://127.0.0.1:9119/v1/completions
summary: {
  "model": "deepseek-v2-lite",
  "prompt": {
    "type": "token_ids/list",
    "length": 16
  },
  "max_tokens": 64,
  "temperature": 0,
  "request_keys": [
    "add_special_tokens",
    "cache_salt",
    "kv_transfer_params",
    "logprobs",
    "max_tokens",
    "model",
    "prompt",
    "request_id",
    "return_token_ids",
    "return_tokens_as_token_ids",
    "seed",
    "temperature"
  ]
}
leyline_fields: [
  [
    "$.kv_transfer_params.leyline",
    {
      "version": 1,
      "action": "amortize",
      "session_id": "deleted-codeword-fac7b439d5f240c7b67cb4c0bfd3b253",
      "delete": {
        "start": 9,
        "end": 14
      }
    }
  ],
  [
    "$.kv_transfer_params.leyline.action",
    "amortize"
  ],
  [
    "$.kv_transfer_params.leyline.session_id",
    "deleted-codeword-fac7b439d5f240c7b67cb4c0bfd3b253"
  ],
  [
    "$.kv_transfer_params.leyline.delete",
    {
      "start": 9,
      "end": 14
    }
  ]
]
[HTTP CONNECTED #264] status=200 elapsed=7.996s

====================================================================================================
[HTTP START #265]
method: POST
url: http://127.0.0.1:9119/v1/completions
summary: {
  "model": "deepseek-v2-lite",
  "prompt": {
    "type": "token_ids/list",
    "length": 21
  },
  "max_tokens": 64,
  "temperature": 0,
  "request_keys": [
    "add_special_tokens",
    "cache_salt",
    "logprobs",
    "max_tokens",
    "model",
    "prompt",
    "request_id",
    "return_token_ids",
    "return_tokens_as_token_ids",
    "seed",
    "temperature"
  ]
}
leyline_fields: []
[HTTP CONNECTED #265] status=200 elapsed=7.997s

====================================================================================================
[HTTP START #266]
method: POST
url: http://127.0.0.1:9119/v1/completions
summary: {
  "model": "deepseek-v2-lite",
  "prompt": {
    "type": "token_ids/list",
    "length": 16
  },
  "max_tokens": 64,
  "temperature": 0,
  "request_keys": [
    "add_special_tokens",
    "cache_salt",
    "logprobs",
    "max_tokens",
    "model",
    "prompt",
    "request_id",
    "return_token_ids",
    "return_tokens_as_token_ids",
    "seed",
    "temperature"
  ]
}
leyline_fields: []
[HTTP CONNECTED #266] status=200 elapsed=7.787s

====================================================================================================
[HTTP START #267]
method: POST
url: http://127.0.0.1:9119/v1/completions
summary: {
  "model": "deepseek-v2-lite",
  "prompt": {
    "type": "token_ids/list",
    "length": 16
  },
  "max_tokens": 64,
  "temperature": 0,
  "request_keys": [
    "add_special_tokens",
    "cache_salt",
    "logprobs",
    "max_tokens",
    "model",
    "prompt",
    "request_id",
    "return_token_ids",
    "return_tokens_as_token_ids",
    "seed",
    "temperature"
  ]
}
leyline_fields: []
[HTTP CONNECTED #267] status=200 elapsed=7.433s

====================================================================================================
[HTTP START #268]
method: POST
url: http://127.0.0.1:9119/v1/completions
summary: {
  "model": "deepseek-v2-lite",
  "prompt": {
    "type": "token_ids/list",
    "length": 16
  },
  "max_tokens": 64,
  "temperature": 0,
  "request_keys": [
    "add_special_tokens",
    "cache_salt",
    "logprobs",
    "max_tokens",
    "model",
    "prompt",
    "request_id",
    "return_token_ids",
    "return_tokens_as_token_ids",
    "seed",
    "temperature"
  ]
}
leyline_fields: []
[HTTP CONNECTED #268] status=200 elapsed=7.408s

====================================================================================================
[HTTP START #269]
method: POST
url: http://127.0.0.1:9119/v1/completions
summary: {
  "model": "deepseek-v2-lite",
  "prompt": {
    "type": "token_ids/list",
    "length": 21
  },
  "max_tokens": 64,
  "temperature": 0,
  "request_keys": [
    "add_special_tokens",
    "cache_salt",
    "kv_transfer_params",
    "logprobs",
    "max_tokens",
    "model",
    "prompt",
    "request_id",
    "return_token_ids",
    "return_tokens_as_token_ids",
    "seed",
    "temperature"
  ]
}
leyline_fields: [
  [
    "$.kv_transfer_params.leyline",
    {
      "version": 1,
      "action": "record",
      "session_id": "deleted-codeword-d81d8c3c12654aa4946276285e3d098c"
    }
  ],
  [
    "$.kv_transfer_params.leyline.action",
    "record"
  ],
  [
    "$.kv_transfer_params.leyline.session_id",
    "deleted-codeword-d81d8c3c12654aa4946276285e3d098c"
  ]
]
[HTTP CONNECTED #269] status=200 elapsed=7.380s

====================================================================================================
[HTTP START #270]
method: POST
url: http://127.0.0.1:9119/v1/completions
summary: {
  "model": "deepseek-v2-lite",
  "prompt": {
    "type": "token_ids/list",
    "length": 16
  },
  "max_tokens": 64,
  "temperature": 0,
  "request_keys": [
    "add_special_tokens",
    "cache_salt",
    "kv_transfer_params",
    "logprobs",
    "max_tokens",
    "model",
    "prompt",
    "request_id",
    "return_token_ids",
    "return_tokens_as_token_ids",
    "seed",
    "temperature"
  ]
}
leyline_fields: [
  [
    "$.kv_transfer_params.leyline",
    {
      "version": 1,
      "action": "amortize",
      "session_id": "deleted-codeword-d81d8c3c12654aa4946276285e3d098c",
      "delete": {
        "start": 9,
        "end": 14
      }
    }
  ],
  [
    "$.kv_transfer_params.leyline.action",
    "amortize"
  ],
  [
    "$.kv_transfer_params.leyline.session_id",
    "deleted-codeword-d81d8c3c12654aa4946276285e3d098c"
  ],
  [
    "$.kv_transfer_params.leyline.delete",
    {
      "start": 9,
      "end": 14
    }
  ]
]
[HTTP CONNECTED #270] status=200 elapsed=7.454s

====================================================================================================
[HTTP START #271]
method: POST
url: http://127.0.0.1:9119/v1/completions
summary: {
  "model": "deepseek-v2-lite",
  "prompt": {
    "type": "token_ids/list",
    "length": 22
  },
  "max_tokens": 64,
  "temperature": 0,
  "request_keys": [
    "add_special_tokens",
    "cache_salt",
    "logprobs",
    "max_tokens",
    "model",
    "prompt",
    "request_id",
    "return_token_ids",
    "return_tokens_as_token_ids",
    "seed",
    "temperature"
  ]
}
leyline_fields: []
[HTTP CONNECTED #271] status=200 elapsed=7.696s

====================================================================================================
[HTTP START #272]
method: POST
url: http://127.0.0.1:9119/v1/completions
summary: {
  "model": "deepseek-v2-lite",
  "prompt": {
    "type": "token_ids/list",
    "length": 16
  },
  "max_tokens": 64,
  "temperature": 0,
  "request_keys": [
    "add_special_tokens",
    "cache_salt",
    "logprobs",
    "max_tokens",
    "model",
    "prompt",
    "request_id",
    "return_token_ids",
    "return_tokens_as_token_ids",
    "seed",
    "temperature"
  ]
}
leyline_fields: []
[HTTP CONNECTED #272] status=200 elapsed=7.686s

====================================================================================================
[HTTP START #273]
method: POST
url: http://127.0.0.1:9119/v1/completions
summary: {
  "model": "deepseek-v2-lite",
  "prompt": {
    "type": "token_ids/list",
    "length": 16
  },
  "max_tokens": 64,
  "temperature": 0,
  "request_keys": [
    "add_special_tokens",
    "cache_salt",
    "logprobs",
    "max_tokens",
    "model",
    "prompt",
    "request_id",
    "return_token_ids",
    "return_tokens_as_token_ids",
    "seed",
    "temperature"
  ]
}
leyline_fields: []
[HTTP CONNECTED #273] status=200 elapsed=7.412s

====================================================================================================
[HTTP START #274]
method: POST
url: http://127.0.0.1:9119/v1/completions
summary: {
  "model": "deepseek-v2-lite",
  "prompt": {
    "type": "token_ids/list",
    "length": 16
  },
  "max_tokens": 64,
  "temperature": 0,
  "request_keys": [
    "add_special_tokens",
    "cache_salt",
    "logprobs",
    "max_tokens",
    "model",
    "prompt",
    "request_id",
    "return_token_ids",
    "return_tokens_as_token_ids",
    "seed",
    "temperature"
  ]
}
leyline_fields: []
[HTTP CONNECTED #274] status=200 elapsed=7.433s

====================================================================================================
[HTTP START #275]
method: POST
url: http://127.0.0.1:9119/v1/completions
summary: {
  "model": "deepseek-v2-lite",
  "prompt": {
    "type": "token_ids/list",
    "length": 22
  },
  "max_tokens": 64,
  "temperature": 0,
  "request_keys": [
    "add_special_tokens",
    "cache_salt",
    "kv_transfer_params",
    "logprobs",
    "max_tokens",
    "model",
    "prompt",
    "request_id",
    "return_token_ids",
    "return_tokens_as_token_ids",
    "seed",
    "temperature"
  ]
}
leyline_fields: [
  [
    "$.kv_transfer_params.leyline",
    {
      "version": 1,
      "action": "record",
      "session_id": "deleted-label-example-eb862da559d14e0da59539a4b111b61f"
    }
  ],
  [
    "$.kv_transfer_params.leyline.action",
    "record"
  ],
  [
    "$.kv_transfer_params.leyline.session_id",
    "deleted-label-example-eb862da559d14e0da59539a4b111b61f"
  ]
]
[HTTP CONNECTED #275] status=200 elapsed=7.351s

====================================================================================================
[HTTP START #276]
method: POST
url: http://127.0.0.1:9119/v1/completions
summary: {
  "model": "deepseek-v2-lite",
  "prompt": {
    "type": "token_ids/list",
    "length": 16
  },
  "max_tokens": 64,
  "temperature": 0,
  "request_keys": [
    "add_special_tokens",
    "cache_salt",
    "kv_transfer_params",
    "logprobs",
    "max_tokens",
    "model",
    "prompt",
    "request_id",
    "return_token_ids",
    "return_tokens_as_token_ids",
    "seed",
    "temperature"
  ]
}
leyline_fields: [
  [
    "$.kv_transfer_params.leyline",
    {
      "version": 1,
      "action": "amortize",
      "session_id": "deleted-label-example-eb862da559d14e0da59539a4b111b61f",
      "delete": {
        "start": 8,
        "end": 14
      }
    }
  ],
  [
    "$.kv_transfer_params.leyline.action",
    "amortize"
  ],
  [
    "$.kv_transfer_params.leyline.session_id",
    "deleted-label-example-eb862da559d14e0da59539a4b111b61f"
  ],
  [
    "$.kv_transfer_params.leyline.delete",
    {
      "start": 8,
      "end": 14
    }
  ]
]
[HTTP CONNECTED #276] status=200 elapsed=7.458s

====================================================================================================
[HTTP START #277]
method: POST
url: http://127.0.0.1:9119/v1/completions
summary: {
  "model": "deepseek-v2-lite",
  "prompt": {
    "type": "token_ids/list",
    "length": 22
  },
  "max_tokens": 64,
  "temperature": 0,
  "request_keys": [
    "add_special_tokens",
    "cache_salt",
    "logprobs",
    "max_tokens",
    "model",
    "prompt",
    "request_id",
    "return_token_ids",
    "return_tokens_as_token_ids",
    "seed",
    "temperature"
  ]
}
leyline_fields: []
[HTTP CONNECTED #277] status=200 elapsed=7.428s

====================================================================================================
[HTTP START #278]
method: POST
url: http://127.0.0.1:9119/v1/completions
summary: {
  "model": "deepseek-v2-lite",
  "prompt": {
    "type": "token_ids/list",
    "length": 16
  },
  "max_tokens": 64,
  "temperature": 0,
  "request_keys": [
    "add_special_tokens",
    "cache_salt",
    "logprobs",
    "max_tokens",
    "model",
    "prompt",
    "request_id",
    "return_token_ids",
    "return_tokens_as_token_ids",
    "seed",
    "temperature"
  ]
}
leyline_fields: []
[HTTP CONNECTED #278] status=200 elapsed=7.627s

====================================================================================================
[HTTP START #279]
method: POST
url: http://127.0.0.1:9119/v1/completions
summary: {
  "model": "deepseek-v2-lite",
  "prompt": {
    "type": "token_ids/list",
    "length": 16
  },
  "max_tokens": 64,
  "temperature": 0,
  "request_keys": [
    "add_special_tokens",
    "cache_salt",
    "logprobs",
    "max_tokens",
    "model",
    "prompt",
    "request_id",
    "return_token_ids",
    "return_tokens_as_token_ids",
    "seed",
    "temperature"
  ]
}
leyline_fields: []
[HTTP CONNECTED #279] status=200 elapsed=7.332s

====================================================================================================
[HTTP START #280]
method: POST
url: http://127.0.0.1:9119/v1/completions
summary: {
  "model": "deepseek-v2-lite",
  "prompt": {
    "type": "token_ids/list",
    "length": 16
  },
  "max_tokens": 64,
  "temperature": 0,
  "request_keys": [
    "add_special_tokens",
    "cache_salt",
    "logprobs",
    "max_tokens",
    "model",
    "prompt",
    "request_id",
    "return_token_ids",
    "return_tokens_as_token_ids",
    "seed",
    "temperature"
  ]
}
leyline_fields: []
[HTTP CONNECTED #280] status=200 elapsed=7.359s

====================================================================================================
[HTTP START #281]
method: POST
url: http://127.0.0.1:9119/v1/completions
summary: {
  "model": "deepseek-v2-lite",
  "prompt": {
    "type": "token_ids/list",
    "length": 22
  },
  "max_tokens": 64,
  "temperature": 0,
  "request_keys": [
    "add_special_tokens",
    "cache_salt",
    "kv_transfer_params",
    "logprobs",
    "max_tokens",
    "model",
    "prompt",
    "request_id",
    "return_token_ids",
    "return_tokens_as_token_ids",
    "seed",
    "temperature"
  ]
}
leyline_fields: [
  [
    "$.kv_transfer_params.leyline",
    {
      "version": 1,
      "action": "record",
      "session_id": "deleted-label-example-652c16344f3a4707b3234c465fae17ef"
    }
  ],
  [
    "$.kv_transfer_params.leyline.action",
    "record"
  ],
  [
    "$.kv_transfer_params.leyline.session_id",
    "deleted-label-example-652c16344f3a4707b3234c465fae17ef"
  ]
]
[HTTP CONNECTED #281] status=200 elapsed=7.294s

====================================================================================================
[HTTP START #282]
method: POST
url: http://127.0.0.1:9119/v1/completions
summary: {
  "model": "deepseek-v2-lite",
  "prompt": {
    "type": "token_ids/list",
    "length": 16
  },
  "max_tokens": 64,
  "temperature": 0,
  "request_keys": [
    "add_special_tokens",
    "cache_salt",
    "kv_transfer_params",
    "logprobs",
    "max_tokens",
    "model",
    "prompt",
    "request_id",
    "return_token_ids",
    "return_tokens_as_token_ids",
    "seed",
    "temperature"
  ]
}
leyline_fields: [
  [
    "$.kv_transfer_params.leyline",
    {
      "version": 1,
      "action": "amortize",
      "session_id": "deleted-label-example-652c16344f3a4707b3234c465fae17ef",
      "delete": {
        "start": 8,
        "end": 14
      }
    }
  ],
  [
    "$.kv_transfer_params.leyline.action",
    "amortize"
  ],
  [
    "$.kv_transfer_params.leyline.session_id",
    "deleted-label-example-652c16344f3a4707b3234c465fae17ef"
  ],
  [
    "$.kv_transfer_params.leyline.delete",
    {
      "start": 8,
      "end": 14
    }
  ]
]
[HTTP CONNECTED #282] status=200 elapsed=7.343s

====================================================================================================
[HTTP START #283]
method: POST
url: http://127.0.0.1:9119/v1/completions
summary: {
  "model": "deepseek-v2-lite",
  "prompt": {
    "type": "token_ids/list",
    "length": 22
  },
  "max_tokens": 64,
  "temperature": 0,
  "request_keys": [
    "add_special_tokens",
    "cache_salt",
    "logprobs",
    "max_tokens",
    "model",
    "prompt",
    "request_id",
    "return_token_ids",
    "return_tokens_as_token_ids",
    "seed",
    "temperature"
  ]
}
leyline_fields: []
[HTTP CONNECTED #283] status=200 elapsed=7.360s

====================================================================================================
[HTTP START #284]
method: POST
url: http://127.0.0.1:9119/v1/completions
summary: {
  "model": "deepseek-v2-lite",
  "prompt": {
    "type": "token_ids/list",
    "length": 16
  },
  "max_tokens": 64,
  "temperature": 0,
  "request_keys": [
    "add_special_tokens",
    "cache_salt",
    "logprobs",
    "max_tokens",
    "model",
    "prompt",
    "request_id",
    "return_token_ids",
    "return_tokens_as_token_ids",
    "seed",
    "temperature"
  ]
}
leyline_fields: []
[HTTP CONNECTED #284] status=200 elapsed=8.351s

====================================================================================================
[HTTP START #285]
method: POST
url: http://127.0.0.1:9119/v1/completions
summary: {
  "model": "deepseek-v2-lite",
  "prompt": {
    "type": "token_ids/list",
    "length": 16
  },
  "max_tokens": 64,
  "temperature": 0,
  "request_keys": [
    "add_special_tokens",
    "cache_salt",
    "logprobs",
    "max_tokens",
    "model",
    "prompt",
    "request_id",
    "return_token_ids",
    "return_tokens_as_token_ids",
    "seed",
    "temperature"
  ]
}
leyline_fields: []
[HTTP CONNECTED #285] status=200 elapsed=8.706s

====================================================================================================
[HTTP START #286]
method: POST
url: http://127.0.0.1:9119/v1/completions
summary: {
  "model": "deepseek-v2-lite",
  "prompt": {
    "type": "token_ids/list",
    "length": 16
  },
  "max_tokens": 64,
  "temperature": 0,
  "request_keys": [
    "add_special_tokens",
    "cache_salt",
    "logprobs",
    "max_tokens",
    "model",
    "prompt",
    "request_id",
    "return_token_ids",
    "return_tokens_as_token_ids",
    "seed",
    "temperature"
  ]
}
leyline_fields: []
[HTTP CONNECTED #286] status=200 elapsed=7.952s

====================================================================================================
[HTTP START #287]
method: POST
url: http://127.0.0.1:9119/v1/completions
summary: {
  "model": "deepseek-v2-lite",
  "prompt": {
    "type": "token_ids/list",
    "length": 22
  },
  "max_tokens": 64,
  "temperature": 0,
  "request_keys": [
    "add_special_tokens",
    "cache_salt",
    "kv_transfer_params",
    "logprobs",
    "max_tokens",
    "model",
    "prompt",
    "request_id",
    "return_token_ids",
    "return_tokens_as_token_ids",
    "seed",
    "temperature"
  ]
}
leyline_fields: [
  [
    "$.kv_transfer_params.leyline",
    {
      "version": 1,
      "action": "record",
      "session_id": "deleted-label-example-ff8bc68b51284bccaca84950750c0100"
    }
  ],
  [
    "$.kv_transfer_params.leyline.action",
    "record"
  ],
  [
    "$.kv_transfer_params.leyline.session_id",
    "deleted-label-example-ff8bc68b51284bccaca84950750c0100"
  ]
]
[HTTP CONNECTED #287] status=200 elapsed=7.482s

====================================================================================================
[HTTP START #288]
method: POST
url: http://127.0.0.1:9119/v1/completions
summary: {
  "model": "deepseek-v2-lite",
  "prompt": {
    "type": "token_ids/list",
    "length": 16
  },
  "max_tokens": 64,
  "temperature": 0,
  "request_keys": [
    "add_special_tokens",
    "cache_salt",
    "kv_transfer_params",
    "logprobs",
    "max_tokens",
    "model",
    "prompt",
    "request_id",
    "return_token_ids",
    "return_tokens_as_token_ids",
    "seed",
    "temperature"
  ]
}
leyline_fields: [
  [
    "$.kv_transfer_params.leyline",
    {
      "version": 1,
      "action": "amortize",
      "session_id": "deleted-label-example-ff8bc68b51284bccaca84950750c0100",
      "delete": {
        "start": 8,
        "end": 14
      }
    }
  ],
  [
    "$.kv_transfer_params.leyline.action",
    "amortize"
  ],
  [
    "$.kv_transfer_params.leyline.session_id",
    "deleted-label-example-ff8bc68b51284bccaca84950750c0100"
  ],
  [
    "$.kv_transfer_params.leyline.delete",
    {
      "start": 8,
      "end": 14
    }
  ]
]
[HTTP CONNECTED #288] status=200 elapsed=7.404s

====================================================================================================
[HTTP START #289]
method: POST
url: http://127.0.0.1:9119/v1/completions
summary: {
  "model": "deepseek-v2-lite",
  "prompt": {
    "type": "token_ids/list",
    "length": 40
  },
  "max_tokens": 64,
  "temperature": 0,
  "request_keys": [
    "add_special_tokens",
    "cache_salt",
    "logprobs",
    "max_tokens",
    "model",
    "prompt",
    "request_id",
    "return_token_ids",
    "return_tokens_as_token_ids",
    "seed",
    "temperature"
  ]
}
leyline_fields: []
[HTTP CONNECTED #289] status=200 elapsed=7.394s

====================================================================================================
[HTTP START #290]
method: POST
url: http://127.0.0.1:9119/v1/completions
summary: {
  "model": "deepseek-v2-lite",
  "prompt": {
    "type": "token_ids/list",
    "length": 28
  },
  "max_tokens": 64,
  "temperature": 0,
  "request_keys": [
    "add_special_tokens",
    "cache_salt",
    "logprobs",
    "max_tokens",
    "model",
    "prompt",
    "request_id",
    "return_token_ids",
    "return_tokens_as_token_ids",
    "seed",
    "temperature"
  ]
}
leyline_fields: []
[HTTP CONNECTED #290] status=200 elapsed=7.342s

====================================================================================================
[HTTP START #291]
method: POST
url: http://127.0.0.1:9119/v1/completions
summary: {
  "model": "deepseek-v2-lite",
  "prompt": {
    "type": "token_ids/list",
    "length": 28
  },
  "max_tokens": 64,
  "temperature": 0,
  "request_keys": [
    "add_special_tokens",
    "cache_salt",
    "logprobs",
    "max_tokens",
    "model",
    "prompt",
    "request_id",
    "return_token_ids",
    "return_tokens_as_token_ids",
    "seed",
    "temperature"
  ]
}
leyline_fields: []
[HTTP CONNECTED #291] status=200 elapsed=7.289s

====================================================================================================
[HTTP START #292]
method: POST
url: http://127.0.0.1:9119/v1/completions
summary: {
  "model": "deepseek-v2-lite",
  "prompt": {
    "type": "token_ids/list",
    "length": 28
  },
  "max_tokens": 64,
  "temperature": 0,
  "request_keys": [
    "add_special_tokens",
    "cache_salt",
    "logprobs",
    "max_tokens",
    "model",
    "prompt",
    "request_id",
    "return_token_ids",
    "return_tokens_as_token_ids",
    "seed",
    "temperature"
  ]
}
leyline_fields: []
[HTTP CONNECTED #292] status=200 elapsed=7.288s

====================================================================================================
[HTTP START #293]
method: POST
url: http://127.0.0.1:9119/v1/completions
summary: {
  "model": "deepseek-v2-lite",
  "prompt": {
    "type": "token_ids/list",
    "length": 40
  },
  "max_tokens": 64,
  "temperature": 0,
  "request_keys": [
    "add_special_tokens",
    "cache_salt",
    "kv_transfer_params",
    "logprobs",
    "max_tokens",
    "model",
    "prompt",
    "request_id",
    "return_token_ids",
    "return_tokens_as_token_ids",
    "seed",
    "temperature"
  ]
}
leyline_fields: [
  [
    "$.kv_transfer_params.leyline",
    {
      "version": 1,
      "action": "record",
      "session_id": "missing-route-label-3ce95dbc095d4e7d9c30088e6585e9c5"
    }
  ],
  [
    "$.kv_transfer_params.leyline.action",
    "record"
  ],
  [
    "$.kv_transfer_params.leyline.session_id",
    "missing-route-label-3ce95dbc095d4e7d9c30088e6585e9c5"
  ]
]
[HTTP CONNECTED #293] status=200 elapsed=7.336s

====================================================================================================
[HTTP START #294]
method: POST
url: http://127.0.0.1:9119/v1/completions
summary: {
  "model": "deepseek-v2-lite",
  "prompt": {
    "type": "token_ids/list",
    "length": 28
  },
  "max_tokens": 64,
  "temperature": 0,
  "request_keys": [
    "add_special_tokens",
    "cache_salt",
    "kv_transfer_params",
    "logprobs",
    "max_tokens",
    "model",
    "prompt",
    "request_id",
    "return_token_ids",
    "return_tokens_as_token_ids",
    "seed",
    "temperature"
  ]
}
leyline_fields: [
  [
    "$.kv_transfer_params.leyline",
    {
      "version": 1,
      "action": "amortize",
      "session_id": "missing-route-label-3ce95dbc095d4e7d9c30088e6585e9c5",
      "delete": {
        "start": 12,
        "end": 24
      }
    }
  ],
  [
    "$.kv_transfer_params.leyline.action",
    "amortize"
  ],
  [
    "$.kv_transfer_params.leyline.session_id",
    "missing-route-label-3ce95dbc095d4e7d9c30088e6585e9c5"
  ],
  [
    "$.kv_transfer_params.leyline.delete",
    {
      "start": 12,
      "end": 24
    }
  ]
]
[HTTP CONNECTED #294] status=200 elapsed=7.523s

====================================================================================================
[HTTP START #295]
method: POST
url: http://127.0.0.1:9119/v1/completions
summary: {
  "model": "deepseek-v2-lite",
  "prompt": {
    "type": "token_ids/list",
    "length": 40
  },
  "max_tokens": 64,
  "temperature": 0,
  "request_keys": [
    "add_special_tokens",
    "cache_salt",
    "logprobs",
    "max_tokens",
    "model",
    "prompt",
    "request_id",
    "return_token_ids",
    "return_tokens_as_token_ids",
    "seed",
    "temperature"
  ]
}
leyline_fields: []
[HTTP CONNECTED #295] status=200 elapsed=7.373s

====================================================================================================
[HTTP START #296]
method: POST
url: http://127.0.0.1:9119/v1/completions
summary: {
  "model": "deepseek-v2-lite",
  "prompt": {
    "type": "token_ids/list",
    "length": 28
  },
  "max_tokens": 64,
  "temperature": 0,
  "request_keys": [
    "add_special_tokens",
    "cache_salt",
    "logprobs",
    "max_tokens",
    "model",
    "prompt",
    "request_id",
    "return_token_ids",
    "return_tokens_as_token_ids",
    "seed",
    "temperature"
  ]
}
leyline_fields: []
[HTTP CONNECTED #296] status=200 elapsed=7.638s

====================================================================================================
[HTTP START #297]
method: POST
url: http://127.0.0.1:9119/v1/completions
summary: {
  "model": "deepseek-v2-lite",
  "prompt": {
    "type": "token_ids/list",
    "length": 28
  },
  "max_tokens": 64,
  "temperature": 0,
  "request_keys": [
    "add_special_tokens",
    "cache_salt",
    "logprobs",
    "max_tokens",
    "model",
    "prompt",
    "request_id",
    "return_token_ids",
    "return_tokens_as_token_ids",
    "seed",
    "temperature"
  ]
}
leyline_fields: []
[HTTP CONNECTED #297] status=200 elapsed=8.037s

====================================================================================================
[HTTP START #298]
method: POST
url: http://127.0.0.1:9119/v1/completions
summary: {
  "model": "deepseek-v2-lite",
  "prompt": {
    "type": "token_ids/list",
    "length": 28
  },
  "max_tokens": 64,
  "temperature": 0,
  "request_keys": [
    "add_special_tokens",
    "cache_salt",
    "logprobs",
    "max_tokens",
    "model",
    "prompt",
    "request_id",
    "return_token_ids",
    "return_tokens_as_token_ids",
    "seed",
    "temperature"
  ]
}
leyline_fields: []
[HTTP CONNECTED #298] status=200 elapsed=8.161s

====================================================================================================
[HTTP START #299]
method: POST
url: http://127.0.0.1:9119/v1/completions
summary: {
  "model": "deepseek-v2-lite",
  "prompt": {
    "type": "token_ids/list",
    "length": 40
  },
  "max_tokens": 64,
  "temperature": 0,
  "request_keys": [
    "add_special_tokens",
    "cache_salt",
    "kv_transfer_params",
    "logprobs",
    "max_tokens",
    "model",
    "prompt",
    "request_id",
    "return_token_ids",
    "return_tokens_as_token_ids",
    "seed",
    "temperature"
  ]
}
leyline_fields: [
  [
    "$.kv_transfer_params.leyline",
    {
      "version": 1,
      "action": "record",
      "session_id": "missing-route-label-9db9e29d5938447685f3c9a37b1131a4"
    }
  ],
  [
    "$.kv_transfer_params.leyline.action",
    "record"
  ],
  [
    "$.kv_transfer_params.leyline.session_id",
    "missing-route-label-9db9e29d5938447685f3c9a37b1131a4"
  ]
]
[HTTP CONNECTED #299] status=200 elapsed=7.944s

====================================================================================================
[HTTP START #300]
method: POST
url: http://127.0.0.1:9119/v1/completions
summary: {
  "model": "deepseek-v2-lite",
  "prompt": {
    "type": "token_ids/list",
    "length": 28
  },
  "max_tokens": 64,
  "temperature": 0,
  "request_keys": [
    "add_special_tokens",
    "cache_salt",
    "kv_transfer_params",
    "logprobs",
    "max_tokens",
    "model",
    "prompt",
    "request_id",
    "return_token_ids",
    "return_tokens_as_token_ids",
    "seed",
    "temperature"
  ]
}
leyline_fields: [
  [
    "$.kv_transfer_params.leyline",
    {
      "version": 1,
      "action": "amortize",
      "session_id": "missing-route-label-9db9e29d5938447685f3c9a37b1131a4",
      "delete": {
        "start": 12,
        "end": 24
      }
    }
  ],
  [
    "$.kv_transfer_params.leyline.action",
    "amortize"
  ],
  [
    "$.kv_transfer_params.leyline.session_id",
    "missing-route-label-9db9e29d5938447685f3c9a37b1131a4"
  ],
  [
    "$.kv_transfer_params.leyline.delete",
    {
      "start": 12,
      "end": 24
    }
  ]
]
[HTTP CONNECTED #300] status=200 elapsed=7.413s

====================================================================================================
[HTTP START #301]
method: POST
url: http://127.0.0.1:9119/v1/completions
summary: {
  "model": "deepseek-v2-lite",
  "prompt": {
    "type": "token_ids/list",
    "length": 40
  },
  "max_tokens": 64,
  "temperature": 0,
  "request_keys": [
    "add_special_tokens",
    "cache_salt",
    "logprobs",
    "max_tokens",
    "model",
    "prompt",
    "request_id",
    "return_token_ids",
    "return_tokens_as_token_ids",
    "seed",
    "temperature"
  ]
}
leyline_fields: []
[HTTP CONNECTED #301] status=200 elapsed=7.365s

====================================================================================================
[HTTP START #302]
method: POST
url: http://127.0.0.1:9119/v1/completions
summary: {
  "model": "deepseek-v2-lite",
  "prompt": {
    "type": "token_ids/list",
    "length": 28
  },
  "max_tokens": 64,
  "temperature": 0,
  "request_keys": [
    "add_special_tokens",
    "cache_salt",
    "logprobs",
    "max_tokens",
    "model",
    "prompt",
    "request_id",
    "return_token_ids",
    "return_tokens_as_token_ids",
    "seed",
    "temperature"
  ]
}
leyline_fields: []
[HTTP CONNECTED #302] status=200 elapsed=7.394s

====================================================================================================
[HTTP START #303]
method: POST
url: http://127.0.0.1:9119/v1/completions
summary: {
  "model": "deepseek-v2-lite",
  "prompt": {
    "type": "token_ids/list",
    "length": 28
  },
  "max_tokens": 64,
  "temperature": 0,
  "request_keys": [
    "add_special_tokens",
    "cache_salt",
    "logprobs",
    "max_tokens",
    "model",
    "prompt",
    "request_id",
    "return_token_ids",
    "return_tokens_as_token_ids",
    "seed",
    "temperature"
  ]
}
leyline_fields: []
[HTTP CONNECTED #303] status=200 elapsed=7.460s

====================================================================================================
[HTTP START #304]
method: POST
url: http://127.0.0.1:9119/v1/completions
summary: {
  "model": "deepseek-v2-lite",
  "prompt": {
    "type": "token_ids/list",
    "length": 28
  },
  "max_tokens": 64,
  "temperature": 0,
  "request_keys": [
    "add_special_tokens",
    "cache_salt",
    "logprobs",
    "max_tokens",
    "model",
    "prompt",
    "request_id",
    "return_token_ids",
    "return_tokens_as_token_ids",
    "seed",
    "temperature"
  ]
}
leyline_fields: []
[HTTP CONNECTED #304] status=200 elapsed=7.424s

====================================================================================================
[HTTP START #305]
method: POST
url: http://127.0.0.1:9119/v1/completions
summary: {
  "model": "deepseek-v2-lite",
  "prompt": {
    "type": "token_ids/list",
    "length": 40
  },
  "max_tokens": 64,
  "temperature": 0,
  "request_keys": [
    "add_special_tokens",
    "cache_salt",
    "kv_transfer_params",
    "logprobs",
    "max_tokens",
    "model",
    "prompt",
    "request_id",
    "return_token_ids",
    "return_tokens_as_token_ids",
    "seed",
    "temperature"
  ]
}
leyline_fields: [
  [
    "$.kv_transfer_params.leyline",
    {
      "version": 1,
      "action": "record",
      "session_id": "missing-route-label-95389c09ce1d4fc5b653608f6aa34ad0"
    }
  ],
  [
    "$.kv_transfer_params.leyline.action",
    "record"
  ],
  [
    "$.kv_transfer_params.leyline.session_id",
    "missing-route-label-95389c09ce1d4fc5b653608f6aa34ad0"
  ]
]
[HTTP CONNECTED #305] status=200 elapsed=7.441s

====================================================================================================
[HTTP START #306]
method: POST
url: http://127.0.0.1:9119/v1/completions
summary: {
  "model": "deepseek-v2-lite",
  "prompt": {
    "type": "token_ids/list",
    "length": 28
  },
  "max_tokens": 64,
  "temperature": 0,
  "request_keys": [
    "add_special_tokens",
    "cache_salt",
    "kv_transfer_params",
    "logprobs",
    "max_tokens",
    "model",
    "prompt",
    "request_id",
    "return_token_ids",
    "return_tokens_as_token_ids",
    "seed",
    "temperature"
  ]
}
leyline_fields: [
  [
    "$.kv_transfer_params.leyline",
    {
      "version": 1,
      "action": "amortize",
      "session_id": "missing-route-label-95389c09ce1d4fc5b653608f6aa34ad0",
      "delete": {
        "start": 12,
        "end": 24
      }
    }
  ],
  [
    "$.kv_transfer_params.leyline.action",
    "amortize"
  ],
  [
    "$.kv_transfer_params.leyline.session_id",
    "missing-route-label-95389c09ce1d4fc5b653608f6aa34ad0"
  ],
  [
    "$.kv_transfer_params.leyline.delete",
    {
      "start": 12,
      "end": 24
    }
  ]
]
[HTTP CONNECTED #306] status=200 elapsed=7.694s

====================================================================================================
[HTTP START #307]
method: POST
url: http://127.0.0.1:9119/v1/completions
summary: {
  "model": "deepseek-v2-lite",
  "prompt": {
    "type": "token_ids/list",
    "length": 22
  },
  "max_tokens": 64,
  "temperature": 0,
  "request_keys": [
    "add_special_tokens",
    "cache_salt",
    "logprobs",
    "max_tokens",
    "model",
    "prompt",
    "request_id",
    "return_token_ids",
    "return_tokens_as_token_ids",
    "seed",
    "temperature"
  ]
}
leyline_fields: []
[HTTP CONNECTED #307] status=200 elapsed=7.636s

====================================================================================================
[HTTP START #308]
method: POST
url: http://127.0.0.1:9119/v1/completions
summary: {
  "model": "deepseek-v2-lite",
  "prompt": {
    "type": "token_ids/list",
    "length": 16
  },
  "max_tokens": 64,
  "temperature": 0,
  "request_keys": [
    "add_special_tokens",
    "cache_salt",
    "logprobs",
    "max_tokens",
    "model",
    "prompt",
    "request_id",
    "return_token_ids",
    "return_tokens_as_token_ids",
    "seed",
    "temperature"
  ]
}
leyline_fields: []
[HTTP CONNECTED #308] status=200 elapsed=7.622s

====================================================================================================
[HTTP START #309]
method: POST
url: http://127.0.0.1:9119/v1/completions
summary: {
  "model": "deepseek-v2-lite",
  "prompt": {
    "type": "token_ids/list",
    "length": 16
  },
  "max_tokens": 64,
  "temperature": 0,
  "request_keys": [
    "add_special_tokens",
    "cache_salt",
    "logprobs",
    "max_tokens",
    "model",
    "prompt",
    "request_id",
    "return_token_ids",
    "return_tokens_as_token_ids",
    "seed",
    "temperature"
  ]
}
leyline_fields: []
[HTTP CONNECTED #309] status=200 elapsed=7.578s

====================================================================================================
[HTTP START #310]
method: POST
url: http://127.0.0.1:9119/v1/completions
summary: {
  "model": "deepseek-v2-lite",
  "prompt": {
    "type": "token_ids/list",
    "length": 16
  },
  "max_tokens": 64,
  "temperature": 0,
  "request_keys": [
    "add_special_tokens",
    "cache_salt",
    "logprobs",
    "max_tokens",
    "model",
    "prompt",
    "request_id",
    "return_token_ids",
    "return_tokens_as_token_ids",
    "seed",
    "temperature"
  ]
}
leyline_fields: []
[HTTP CONNECTED #310] status=200 elapsed=7.672s

====================================================================================================
[HTTP START #311]
method: POST
url: http://127.0.0.1:9119/v1/completions
summary: {
  "model": "deepseek-v2-lite",
  "prompt": {
    "type": "token_ids/list",
    "length": 22
  },
  "max_tokens": 64,
  "temperature": 0,
  "request_keys": [
    "add_special_tokens",
    "cache_salt",
    "kv_transfer_params",
    "logprobs",
    "max_tokens",
    "model",
    "prompt",
    "request_id",
    "return_token_ids",
    "return_tokens_as_token_ids",
    "seed",
    "temperature"
  ]
}
leyline_fields: [
  [
    "$.kv_transfer_params.leyline",
    {
      "version": 1,
      "action": "record",
      "session_id": "contradictory-deleted-only-label-65f55b2c2b8a4ac2b06540fab69b3d6c"
    }
  ],
  [
    "$.kv_transfer_params.leyline.action",
    "record"
  ],
  [
    "$.kv_transfer_params.leyline.session_id",
    "contradictory-deleted-only-label-65f55b2c2b8a4ac2b06540fab69b3d6c"
  ]
]
[HTTP CONNECTED #311] status=200 elapsed=7.584s

====================================================================================================
[HTTP START #312]
method: POST
url: http://127.0.0.1:9119/v1/completions
summary: {
  "model": "deepseek-v2-lite",
  "prompt": {
    "type": "token_ids/list",
    "length": 16
  },
  "max_tokens": 64,
  "temperature": 0,
  "request_keys": [
    "add_special_tokens",
    "cache_salt",
    "kv_transfer_params",
    "logprobs",
    "max_tokens",
    "model",
    "prompt",
    "request_id",
    "return_token_ids",
    "return_tokens_as_token_ids",
    "seed",
    "temperature"
  ]
}
leyline_fields: [
  [
    "$.kv_transfer_params.leyline",
    {
      "version": 1,
      "action": "amortize",
      "session_id": "contradictory-deleted-only-label-65f55b2c2b8a4ac2b06540fab69b3d6c",
      "delete": {
        "start": 10,
        "end": 16
      }
    }
  ],
  [
    "$.kv_transfer_params.leyline.action",
    "amortize"
  ],
  [
    "$.kv_transfer_params.leyline.session_id",
    "contradictory-deleted-only-label-65f55b2c2b8a4ac2b06540fab69b3d6c"
  ],
  [
    "$.kv_transfer_params.leyline.delete",
    {
      "start": 10,
      "end": 16
    }
  ]
]
[HTTP CONNECTED #312] status=200 elapsed=7.626s

====================================================================================================
[HTTP START #313]
method: POST
url: http://127.0.0.1:9119/v1/completions
summary: {
  "model": "deepseek-v2-lite",
  "prompt": {
    "type": "token_ids/list",
    "length": 22
  },
  "max_tokens": 64,
  "temperature": 0,
  "request_keys": [
    "add_special_tokens",
    "cache_salt",
    "logprobs",
    "max_tokens",
    "model",
    "prompt",
    "request_id",
    "return_token_ids",
    "return_tokens_as_token_ids",
    "seed",
    "temperature"
  ]
}
leyline_fields: []
[HTTP CONNECTED #313] status=200 elapsed=7.665s

====================================================================================================
[HTTP START #314]
method: POST
url: http://127.0.0.1:9119/v1/completions
summary: {
  "model": "deepseek-v2-lite",
  "prompt": {
    "type": "token_ids/list",
    "length": 16
  },
  "max_tokens": 64,
  "temperature": 0,
  "request_keys": [
    "add_special_tokens",
    "cache_salt",
    "logprobs",
    "max_tokens",
    "model",
    "prompt",
    "request_id",
    "return_token_ids",
    "return_tokens_as_token_ids",
    "seed",
    "temperature"
  ]
}
leyline_fields: []
[HTTP CONNECTED #314] status=200 elapsed=7.651s

====================================================================================================
[HTTP START #315]
method: POST
url: http://127.0.0.1:9119/v1/completions
summary: {
  "model": "deepseek-v2-lite",
  "prompt": {
    "type": "token_ids/list",
    "length": 16
  },
  "max_tokens": 64,
  "temperature": 0,
  "request_keys": [
    "add_special_tokens",
    "cache_salt",
    "logprobs",
    "max_tokens",
    "model",
    "prompt",
    "request_id",
    "return_token_ids",
    "return_tokens_as_token_ids",
    "seed",
    "temperature"
  ]
}
leyline_fields: []
[HTTP CONNECTED #315] status=200 elapsed=7.629s

====================================================================================================
[HTTP START #316]
method: POST
url: http://127.0.0.1:9119/v1/completions
summary: {
  "model": "deepseek-v2-lite",
  "prompt": {
    "type": "token_ids/list",
    "length": 16
  },
  "max_tokens": 64,
  "temperature": 0,
  "request_keys": [
    "add_special_tokens",
    "cache_salt",
    "logprobs",
    "max_tokens",
    "model",
    "prompt",
    "request_id",
    "return_token_ids",
    "return_tokens_as_token_ids",
    "seed",
    "temperature"
  ]
}
leyline_fields: []
[HTTP CONNECTED #316] status=200 elapsed=7.353s

====================================================================================================
[HTTP START #317]
method: POST
url: http://127.0.0.1:9119/v1/completions
summary: {
  "model": "deepseek-v2-lite",
  "prompt": {
    "type": "token_ids/list",
    "length": 22
  },
  "max_tokens": 64,
  "temperature": 0,
  "request_keys": [
    "add_special_tokens",
    "cache_salt",
    "kv_transfer_params",
    "logprobs",
    "max_tokens",
    "model",
    "prompt",
    "request_id",
    "return_token_ids",
    "return_tokens_as_token_ids",
    "seed",
    "temperature"
  ]
}
leyline_fields: [
  [
    "$.kv_transfer_params.leyline",
    {
      "version": 1,
      "action": "record",
      "session_id": "contradictory-deleted-only-label-d2963b643c2d4e908a971a963b9358c8"
    }
  ],
  [
    "$.kv_transfer_params.leyline.action",
    "record"
  ],
  [
    "$.kv_transfer_params.leyline.session_id",
    "contradictory-deleted-only-label-d2963b643c2d4e908a971a963b9358c8"
  ]
]
[HTTP CONNECTED #317] status=200 elapsed=7.466s

====================================================================================================
[HTTP START #318]
method: POST
url: http://127.0.0.1:9119/v1/completions
summary: {
  "model": "deepseek-v2-lite",
  "prompt": {
    "type": "token_ids/list",
    "length": 16
  },
  "max_tokens": 64,
  "temperature": 0,
  "request_keys": [
    "add_special_tokens",
    "cache_salt",
    "kv_transfer_params",
    "logprobs",
    "max_tokens",
    "model",
    "prompt",
    "request_id",
    "return_token_ids",
    "return_tokens_as_token_ids",
    "seed",
    "temperature"
  ]
}
leyline_fields: [
  [
    "$.kv_transfer_params.leyline",
    {
      "version": 1,
      "action": "amortize",
      "session_id": "contradictory-deleted-only-label-d2963b643c2d4e908a971a963b9358c8",
      "delete": {
        "start": 10,
        "end": 16
      }
    }
  ],
  [
    "$.kv_transfer_params.leyline.action",
    "amortize"
  ],
  [
    "$.kv_transfer_params.leyline.session_id",
    "contradictory-deleted-only-label-d2963b643c2d4e908a971a963b9358c8"
  ],
  [
    "$.kv_transfer_params.leyline.delete",
    {
      "start": 10,
      "end": 16
    }
  ]
]
[HTTP CONNECTED #318] status=200 elapsed=7.309s

====================================================================================================
[HTTP START #319]
method: POST
url: http://127.0.0.1:9119/v1/completions
summary: {
  "model": "deepseek-v2-lite",
  "prompt": {
    "type": "token_ids/list",
    "length": 22
  },
  "max_tokens": 64,
  "temperature": 0,
  "request_keys": [
    "add_special_tokens",
    "cache_salt",
    "logprobs",
    "max_tokens",
    "model",
    "prompt",
    "request_id",
    "return_token_ids",
    "return_tokens_as_token_ids",
    "seed",
    "temperature"
  ]
}
leyline_fields: []
[HTTP CONNECTED #319] status=200 elapsed=7.385s

====================================================================================================
[HTTP START #320]
method: POST
url: http://127.0.0.1:9119/v1/completions
summary: {
  "model": "deepseek-v2-lite",
  "prompt": {
    "type": "token_ids/list",
    "length": 16
  },
  "max_tokens": 64,
  "temperature": 0,
  "request_keys": [
    "add_special_tokens",
    "cache_salt",
    "logprobs",
    "max_tokens",
    "model",
    "prompt",
    "request_id",
    "return_token_ids",
    "return_tokens_as_token_ids",
    "seed",
    "temperature"
  ]
}
leyline_fields: []
[HTTP CONNECTED #320] status=200 elapsed=7.400s

====================================================================================================
[HTTP START #321]
method: POST
url: http://127.0.0.1:9119/v1/completions
summary: {
  "model": "deepseek-v2-lite",
  "prompt": {
    "type": "token_ids/list",
    "length": 16
  },
  "max_tokens": 64,
  "temperature": 0,
  "request_keys": [
    "add_special_tokens",
    "cache_salt",
    "logprobs",
    "max_tokens",
    "model",
    "prompt",
    "request_id",
    "return_token_ids",
    "return_tokens_as_token_ids",
    "seed",
    "temperature"
  ]
}
leyline_fields: []
[HTTP CONNECTED #321] status=200 elapsed=7.437s

====================================================================================================
[HTTP START #322]
method: POST
url: http://127.0.0.1:9119/v1/completions
summary: {
  "model": "deepseek-v2-lite",
  "prompt": {
    "type": "token_ids/list",
    "length": 16
  },
  "max_tokens": 64,
  "temperature": 0,
  "request_keys": [
    "add_special_tokens",
    "cache_salt",
    "logprobs",
    "max_tokens",
    "model",
    "prompt",
    "request_id",
    "return_token_ids",
    "return_tokens_as_token_ids",
    "seed",
    "temperature"
  ]
}
leyline_fields: []
[HTTP CONNECTED #322] status=200 elapsed=7.452s

====================================================================================================
[HTTP START #323]
method: POST
url: http://127.0.0.1:9119/v1/completions
summary: {
  "model": "deepseek-v2-lite",
  "prompt": {
    "type": "token_ids/list",
    "length": 22
  },
  "max_tokens": 64,
  "temperature": 0,
  "request_keys": [
    "add_special_tokens",
    "cache_salt",
    "kv_transfer_params",
    "logprobs",
    "max_tokens",
    "model",
    "prompt",
    "request_id",
    "return_token_ids",
    "return_tokens_as_token_ids",
    "seed",
    "temperature"
  ]
}
leyline_fields: [
  [
    "$.kv_transfer_params.leyline",
    {
      "version": 1,
      "action": "record",
      "session_id": "contradictory-deleted-only-label-d638e3f4f8104e67b10307a313fd065e"
    }
  ],
  [
    "$.kv_transfer_params.leyline.action",
    "record"
  ],
  [
    "$.kv_transfer_params.leyline.session_id",
    "contradictory-deleted-only-label-d638e3f4f8104e67b10307a313fd065e"
  ]
]
[HTTP CONNECTED #323] status=200 elapsed=7.422s

====================================================================================================
[HTTP START #324]
method: POST
url: http://127.0.0.1:9119/v1/completions
summary: {
  "model": "deepseek-v2-lite",
  "prompt": {
    "type": "token_ids/list",
    "length": 16
  },
  "max_tokens": 64,
  "temperature": 0,
  "request_keys": [
    "add_special_tokens",
    "cache_salt",
    "kv_transfer_params",
    "logprobs",
    "max_tokens",
    "model",
    "prompt",
    "request_id",
    "return_token_ids",
    "return_tokens_as_token_ids",
    "seed",
    "temperature"
  ]
}
leyline_fields: [
  [
    "$.kv_transfer_params.leyline",
    {
      "version": 1,
      "action": "amortize",
      "session_id": "contradictory-deleted-only-label-d638e3f4f8104e67b10307a313fd065e",
      "delete": {
        "start": 10,
        "end": 16
      }
    }
  ],
  [
    "$.kv_transfer_params.leyline.action",
    "amortize"
  ],
  [
    "$.kv_transfer_params.leyline.session_id",
    "contradictory-deleted-only-label-d638e3f4f8104e67b10307a313fd065e"
  ],
  [
    "$.kv_transfer_params.leyline.delete",
    {
      "start": 10,
      "end": 16
    }
  ]
]
[HTTP CONNECTED #324] status=200 elapsed=7.408s
